-- phpMyAdmin SQL Dump
-- version 4.9.7
-- https://www.phpmyadmin.net/
--
-- Host: localhost:3306
-- Generation Time: Oct 24, 2022 at 04:30 PM
-- Server version: 5.7.39-cll-lve
-- PHP Version: 7.3.32

SET SQL_MODE = "NO_AUTO_VALUE_ON_ZERO";
SET AUTOCOMMIT = 0;
START TRANSACTION;
SET time_zone = "+00:00";


/*!40101 SET @OLD_CHARACTER_SET_CLIENT=@@CHARACTER_SET_CLIENT */;
/*!40101 SET @OLD_CHARACTER_SET_RESULTS=@@CHARACTER_SET_RESULTS */;
/*!40101 SET @OLD_COLLATION_CONNECTION=@@COLLATION_CONNECTION */;
/*!40101 SET NAMES utf8mb4 */;

--
-- Database: `tyk_database`
--

-- --------------------------------------------------------

--
-- Table structure for table `track_202290_animals`
--

CREATE TABLE `track_202290_animals` (
  `id` int(13) NOT NULL,
  `user_id` int(13) NOT NULL,
  `name` varchar(64) NOT NULL,
  `type` varchar(64) NOT NULL,
  `breed` varchar(64) NOT NULL,
  `description` text NOT NULL,
  `img` varchar(256) NOT NULL,
  `date_create` datetime NOT NULL
) ENGINE=InnoDB DEFAULT CHARSET=latin1;

--
-- Dumping data for table `track_202290_animals`
--

INSERT INTO `track_202290_animals` (`id`, `user_id`, `name`, `type`, `breed`, `description`, `img`, `date_create`) VALUES
(1, 10, 'Mabelle', 'horse', 'unicorn', 'Pal dawa hite focewci bib miz wam tazo bemekge cinduwme helekoj wof hogro izmuhi jinpu gif.', 'https://via.placeholder.com/380x525/B35/fff/?text=Mabelle', '2021-09-24 08:55:18'),
(2, 1, 'Nathan', 'cat', 'ginger', 'Vig kiceiv zosotre joj puuhje pitlirbo seda inuriktad likpoebu siebnaw za tamoppa uguropiwi igwolet hucdej tev.', 'https://via.placeholder.com/493x578/443/fff/?text=Nathan', '2022-07-04 21:46:27'),
(3, 1, 'Ethan', 'dog', 'poodle', 'Gego hepdagciz rezpifug ro foejko ezahugke tetijvu teoz ne newvagi in nor eghi gus ma.', 'https://via.placeholder.com/435x400/49A/fff/?text=Ethan', '2020-11-02 17:13:46'),
(4, 6, 'Jesse', 'cat', 'calico', 'Lujmi fulbu po vujfu pesov so burge fita kociwi kud baeka lobomra mol pefhu war pakov kobizme.', 'https://via.placeholder.com/410x412/666/fff/?text=Jesse', '2020-12-04 14:45:29'),
(5, 3, 'Seth', 'cat', 'stray', 'Ni cov ezmogi rerwij amotgu nud ofusi paerdi pojnugef macfojti piemu ajijozo kudpa vaapuni sezbugos vitesgom.', 'https://via.placeholder.com/409x378/74A/fff/?text=Seth', '2022-10-04 11:42:55'),
(6, 2, 'Olivia', 'horse', 'black', 'Ok umomaw cu mihcegbu disi gi kir vok dagehewal wem lewerfan ji seko.', 'https://via.placeholder.com/445x396/586/fff/?text=Olivia', '2022-08-10 09:13:16'),
(7, 8, 'Don', 'cat', 'calico', 'Sajitik hemnatik gohu majuh hekucumub aroala ho venpum ju wunsoad gig nanolim lafrurpen.', 'https://via.placeholder.com/477x525/999/fff/?text=Don', '2022-05-13 22:24:38'),
(8, 1, 'Ella', 'horse', 'black', 'Gehlom konenu bawcuela sof ewjol daguv rijennid di le hobun vablod vica miekusu devlu okbes hejucnaw vec.', 'https://via.placeholder.com/600x535/435/fff/?text=Ella', '2020-02-25 11:08:27'),
(9, 4, 'Lester', 'cat', 'ginger', 'Ilomu nifipuh kofim vokwe baegiz sumledboc igizi urfear ike vozluksej luhemuto neadfu de ofa opere.', 'https://via.placeholder.com/504x402/655/fff/?text=Lester', '2020-04-13 17:17:22'),
(10, 10, 'Oscar', 'cat', 'siamese', 'Nicka hol jew re supu dar ijwo uw hu banahin de hagiddom.', 'https://via.placeholder.com/376x560/367/fff/?text=Oscar', '2020-04-06 00:55:40'),
(11, 6, 'Brian', 'dog', 'pitbull', 'Echemkom lose pu ceknomi go pikkuzdo kif uvfe wecic vipe haubiul futraco rez.', 'https://via.placeholder.com/527x497/A79/fff/?text=Brian', '2022-09-04 18:58:07'),
(12, 6, 'Francis', 'cat', 'fat', 'Cuoguse fivezo meag firvar ho un anaseduk zutmop telipnov fajrizged kek pa naelrem li hefus vezjit muig.', 'https://via.placeholder.com/408x527/B44/fff/?text=Francis', '2022-04-17 03:06:30'),
(13, 4, 'Juan', 'horse', 'unicorn', 'Bairrik li mekemup uliacupu izi tal gi apisorvi sol sa jot lerfa baveag rawaleg feseg noahgaz uta wac.', 'https://via.placeholder.com/512x562/996/fff/?text=Juan', '2021-11-02 08:43:16'),
(14, 9, 'Eddie', 'cat', 'siamese', 'Bo mujiwito ras in hip owinred jol mupo bosbotpe uficaruj buwa jec edofek wohivoke hazjow ramupoj nup up.', 'https://via.placeholder.com/436x400/B78/fff/?text=Eddie', '2022-01-27 16:26:50'),
(15, 8, 'Tyler', 'horse', 'brown', 'Ji guz nesa pijuna zec kab limubos azo ukerenuj hat lidic cizkagos sucmaze zak rocwuce taajir vuku.', 'https://via.placeholder.com/457x533/488/fff/?text=Tyler', '2020-06-01 16:26:18'),
(16, 7, 'Eric', 'dog', 'poodle', 'Ko mawutba ori ela fawvagko pigigec ri lewze ka bop vuvsisu meg.', 'https://via.placeholder.com/390x584/A5A/fff/?text=Eric', '2021-07-28 06:30:00'),
(17, 6, 'Olivia', 'dog', 'pitbull', 'Riczic legbon zu pupoj racuudo recnuvhu jegjokjud dowugre mo verbecviw mirwec wowofuati.', 'https://via.placeholder.com/372x561/658/fff/?text=Olivia', '2022-04-11 12:54:33'),
(18, 3, 'Anthony', 'cat', 'siamese', 'Teju cesobod oj sidola robagkon fig zi vazzogun ahhum pu rohvifmew zaucajo mifab zuuzka ehegewo.', 'https://via.placeholder.com/567x462/B76/fff/?text=Anthony', '2020-06-09 19:55:43'),
(19, 7, 'Edna', 'horse', 'unicorn', 'Jikpefzo esgospi owi miraeva pudi sez mirukjek wimsoim bovvip kusen kapnig zot vuwvi ijiab gemcud su.', 'https://via.placeholder.com/466x490/AA7/fff/?text=Edna', '2021-04-07 06:06:23'),
(20, 1, 'Adrian', 'horse', 'brown', 'Mi abotide jo cej ocu vuefe dil it ladfa hu giufifir suvu rokiwo waize mog.', 'https://via.placeholder.com/490x448/A69/fff/?text=Adrian', '2022-01-11 18:45:45'),
(21, 6, 'Daisy', 'dog', 'poodle', 'Na ocram dowfoti maratul er duzuri iwbirej laag da zowhajlu fucew osemigjop wepra pocafa ubahoca bo lecacul.', 'https://via.placeholder.com/509x498/774/fff/?text=Daisy', '2021-03-12 02:44:30'),
(22, 8, 'Dorothy', 'cat', 'calico', 'Pefcojis paja il uguot zivip pag tosval nen lowawva ih ha luvzed bonsaw huriji vi maipda.', 'https://via.placeholder.com/544x569/A66/fff/?text=Dorothy', '2022-04-01 06:42:35'),
(23, 2, 'Julian', 'cat', 'fat', 'Kez zune wufmekuj erifejuw hed vofbuksu adojiduku ciom gugo omivo jacow pofhebmi ho.', 'https://via.placeholder.com/400x390/979/fff/?text=Julian', '2020-02-01 19:43:36'),
(24, 3, 'Madge', 'cat', 'fat', 'Tujhibpa ti fi iruzutu fe wudve avapuuno um ivi al mic tiwi okneroco ber.', 'https://via.placeholder.com/398x565/943/fff/?text=Madge', '2020-05-04 06:40:11'),
(25, 2, 'Theresa', 'dog', 'pug', 'Etifo dohe ru ateumu bosmomwim ri zaw ha awro ha to bos vib anofodas kizolek ziupeeko zejuotu lukomat.', 'https://via.placeholder.com/564x519/366/fff/?text=Theresa', '2020-12-22 19:31:44'),
(26, 5, 'Marion', 'horse', 'black', 'Zenoufu itroduj ikagerhu bat tatin borsec luefi sabhudku uc lopzan tazud eg miguwci zulpolbu.', 'https://via.placeholder.com/543x536/934/fff/?text=Marion', '2020-01-24 07:19:26'),
(27, 4, 'Lida', 'cat', 'ginger', 'Eve vah hog pipmopina duf tamnaibu uf cecbu rubeula civ ler jo nofeb keta newambu.', 'https://via.placeholder.com/528x428/559/fff/?text=Lida', '2022-03-31 20:10:22'),
(28, 9, 'Troy', 'cat', 'fat', 'Bip pomfil bofhalte ah venheaf fubsa fuf jef sor otterciv vajim niccurab min ep piz niuknin sufot nit.', 'https://via.placeholder.com/409x552/A66/fff/?text=Troy', '2022-05-13 21:23:03'),
(29, 5, 'Chris', 'cat', 'fat', 'Wajseg enaze pobperlek side vudom rudugal enujo bes iwanobu sil jahas hijsuswuz fizu.', 'https://via.placeholder.com/401x362/AB4/fff/?text=Chris', '2021-06-25 08:51:43'),
(30, 7, 'Lucile', 'horse', 'black', 'Rowa hococo filager ufmo gija ehu ge sojosmel nad soggisif ledesojo wic ciw.', 'https://via.placeholder.com/502x364/B37/fff/?text=Lucile', '2022-10-17 23:06:52'),
(31, 8, 'Stephen', 'horse', 'brown', 'Joropbu sid levtojo lahjub wi be eh amgin iza hu kiah al selonase peagisi moceb.', 'https://via.placeholder.com/546x495/AA3/fff/?text=Stephen', '2020-05-28 11:21:39'),
(32, 3, 'Jeremiah', 'dog', 'pug', 'Re zulot up jubmisjuk la at ru uhavibup lavwujde pibo gagopucir rahocvi uticila nouwmur.', 'https://via.placeholder.com/443x588/645/fff/?text=Jeremiah', '2020-08-24 02:09:13'),
(33, 9, 'Viola', 'horse', 'black', 'Kebre bocizno ajo rus bor difido sup mommosgel cuweon suin ukoen gatulo.', 'https://via.placeholder.com/600x383/83A/fff/?text=Viola', '2022-02-26 10:15:08'),
(34, 2, 'Vincent', 'cat', 'ginger', 'Jowwot un okkap amfudriv ibi goiwi dovhufta fu dujoduazi mu azarsu uninibal eha hogohbar janac zo gamo.', 'https://via.placeholder.com/373x474/69A/fff/?text=Vincent', '2020-07-02 14:14:42'),
(35, 4, 'Melvin', 'horse', 'unicorn', 'Moevemud ga sut wuca ad sur met re tuor ilovfe aze pazib var to.', 'https://via.placeholder.com/428x581/AAB/fff/?text=Melvin', '2021-11-27 14:15:17'),
(36, 5, 'Francisco', 'cat', 'ginger', 'Tijifepen mi acaju netzanzek suzko vil niranavo wakohfa mes hepezife cez uljinug olkak zewibpab hatwevvu upe.', 'https://via.placeholder.com/554x541/369/fff/?text=Francisco', '2021-09-28 01:36:41'),
(37, 5, 'Sam', 'horse', 'unicorn', 'Umedev domlujeg tesepru atukig we nek nozpu tol jekku meru duna ow.', 'https://via.placeholder.com/391x498/53A/fff/?text=Sam', '2020-08-03 17:09:44'),
(38, 9, 'Vera', 'dog', 'pug', 'Lo sirad ded pekuja uzo ewewenwez temosji hilcijafe muwug jesewkup focejoca pewvu foba cama lup.', 'https://via.placeholder.com/572x436/46A/fff/?text=Vera', '2020-07-12 04:39:00'),
(39, 9, 'Robert', 'cat', 'ginger', 'Uvregluf ciudikiz zimu ezeom ve tejdiaci vagom hir mulzit lozu mecmi tazi po wakopi lese ce odsabuw.', 'https://via.placeholder.com/363x354/678/fff/?text=Robert', '2020-06-30 22:33:04'),
(40, 8, 'Barbara', 'horse', 'black', 'Soanurul las jiwhip cebje purpew gease vafujjid lobahites vo nok gaole fum.', 'https://via.placeholder.com/481x600/5AB/fff/?text=Barbara', '2021-10-06 23:14:31'),
(41, 2, 'Jessie', 'cat', 'stray', 'Vuwmefise cit ne ad lel losdouwi rookarom vob aciwoc modsafu hitpar ujozekol rug vovev bignuel.', 'https://via.placeholder.com/598x597/B38/fff/?text=Jessie', '2021-03-18 19:11:12'),
(42, 2, 'Millie', 'dog', 'poodle', 'Anilehi popidoj nupgi hogneh patkossa kusnale ofanoltof luvkar wufep mansa ofegej muzwozdec fioja seweg goahse.', 'https://via.placeholder.com/387x552/7AA/fff/?text=Millie', '2022-06-08 10:58:59'),
(43, 6, 'Maude', 'horse', 'brown', 'Ur tazuig le nitvur zonca guw nebkeeb cuad gih nep fe oguhosse gul ivsocmo toge bukzo meefopam jolap.', 'https://via.placeholder.com/575x465/4AB/fff/?text=Maude', '2022-09-02 15:23:04'),
(44, 6, 'Celia', 'cat', 'siamese', 'Jehiveh vegrascuk kubpovki luahmi at ob fud goav co de me ege.', 'https://via.placeholder.com/529x565/834/fff/?text=Celia', '2020-04-11 04:37:14'),
(45, 3, 'Minerva', 'dog', 'pitbull', 'Lap pofeb buzohe bi tu hakmu fal pad ecugug inuidiwo pevpaswi nomibu moclaf haz hi cepga nunmo.', 'https://via.placeholder.com/369x438/534/fff/?text=Minerva', '2022-06-10 01:09:21'),
(46, 10, 'Lena', 'dog', 'pug', 'Ur zedule ifuoj roluhu ot upizivde watvo fog udfingep te laupcu ogoaci silsabma lutemoiwi zoumu fo.', 'https://via.placeholder.com/466x362/365/fff/?text=Lena', '2022-01-30 06:35:50'),
(47, 7, 'Melvin', 'cat', 'fat', 'Opaj zulcowu zuzole sasenozud few kowo halde tufwu fuh pobac doikaw negzebzuz mu rumi lizu tocme duj.', 'https://via.placeholder.com/398x384/BA5/fff/?text=Melvin', '2020-02-17 11:32:23'),
(48, 9, 'Troy', 'horse', 'unicorn', 'Cirpocwun didacbo wefjefta tor kibhuaze wopas puf rugfubob her rubwe fahacab nuhakec mir.', 'https://via.placeholder.com/555x354/468/fff/?text=Troy', '2021-11-03 08:59:09'),
(49, 4, 'Alma', 'dog', 'poodle', 'Juara itda tolu da suno haapa duf ulu jo betmefu don nescasa adneum guwberpez offib ib wuk peruda.', 'https://via.placeholder.com/398x422/887/fff/?text=Alma', '2021-12-06 12:08:46'),
(50, 5, 'Gregory', 'cat', 'calico', 'Nozus holwehej mov baupbom ulun ebo ropiji bih nu fub jus en jok jifuc zosatuzib uzmi nehwum.', 'https://via.placeholder.com/521x569/68A/fff/?text=Gregory', '2020-05-30 17:02:31');

-- --------------------------------------------------------

--
-- Table structure for table `track_202290_locations`
--

CREATE TABLE `track_202290_locations` (
  `id` int(13) NOT NULL,
  `animal_id` varchar(13) NOT NULL,
  `lat` decimal(8,6) NOT NULL,
  `lng` decimal(9,6) NOT NULL,
  `description` text NOT NULL,
  `photo` varchar(256) NOT NULL,
  `icon` varchar(256) NOT NULL,
  `date_create` datetime NOT NULL
) ENGINE=InnoDB DEFAULT CHARSET=latin1;

--
-- Dumping data for table `track_202290_locations`
--

INSERT INTO `track_202290_locations` (`id`, `animal_id`, `lat`, `lng`, `description`, `photo`, `icon`, `date_create`) VALUES
(1, '48', 37.776690, -122.438300, 'Hupsisoh mab av ho zolur ecme ewutoso docazca baom taj ecbut omsu ma.', 'https://via.placeholder.com/519x526/3B8/fff/?text=PHOTO', 'https://via.placeholder.com/571x595/98B/fff/?text=ICON', '2020-05-25 09:20:23'),
(2, '3', 37.720020, -122.444690, 'Wam jatca utuvail narpupum lev emusap sous navud oz ridgadsuc cafalami huhis runko nacozidan.', 'https://via.placeholder.com/458x381/3AB/fff/?text=PHOTO', 'https://via.placeholder.com/467x587/779/fff/?text=ICON', '2021-01-22 05:10:23'),
(3, '30', 37.697400, -122.377150, 'Lajva fovof ned aza towkootu rituce ci iwe fasfuezu engioco zesah jakufe magiv dig velatit vepze fesso.', 'https://via.placeholder.com/382x416/9B5/fff/?text=PHOTO', 'https://via.placeholder.com/530x539/536/fff/?text=ICON', '2021-09-06 07:42:36'),
(4, '18', 37.737700, -122.497640, 'Jufi vuica uz coda ce gulope to rifusdiv on vez on kibi hab.', 'https://via.placeholder.com/594x536/5BB/fff/?text=PHOTO', 'https://via.placeholder.com/531x598/668/fff/?text=ICON', '2021-06-03 13:13:14'),
(5, '1', 37.736980, -122.497100, 'Mavu cuwat dimsa ho kolcije tehnuk safehok im kiih huundir hikwa nulupuw.', 'https://via.placeholder.com/579x503/657/fff/?text=PHOTO', 'https://via.placeholder.com/552x416/87A/fff/?text=ICON', '2021-07-06 09:24:56'),
(6, '16', 37.674610, -122.454520, 'Lehig sidzomuz gi ju wahkapbow upetig dirwa keclijove vowigele ocomuc pul videkbek.', 'https://via.placeholder.com/592x522/B86/fff/?text=PHOTO', 'https://via.placeholder.com/453x479/945/fff/?text=ICON', '2021-11-08 00:43:24'),
(7, '1', 37.695870, -122.495400, 'Zusriip wek bisirli tej wibar ip nob ep cijobu kilco livtiimo fic mo cudra wofde isuzarru.', 'https://via.placeholder.com/415x429/389/fff/?text=PHOTO', 'https://via.placeholder.com/453x573/593/fff/?text=ICON', '2021-08-24 23:34:16'),
(8, '10', 37.750210, -122.456990, 'Fed piete mamgalir gowa tapate zeavadud wivri idkibdo ahcovtuh dojohtuw haefe ki cucop rupa.', 'https://via.placeholder.com/442x597/469/fff/?text=PHOTO', 'https://via.placeholder.com/560x560/676/fff/?text=ICON', '2022-07-09 07:01:20'),
(9, '50', 37.777720, -122.415200, 'Polput saz code adze ujowa uftile ijabu mivcu zuime enagefob lev lov bi megic sulde.', 'https://via.placeholder.com/521x535/4B7/fff/?text=PHOTO', 'https://via.placeholder.com/484x532/6A8/fff/?text=ICON', '2020-12-11 22:08:39'),
(10, '11', 37.748950, -122.418960, 'Wibuw muog logi babi socahzo barpuz ow mug tampon jocjevkin ezziz vuifzaj pasi efajoasa wan cap bikheti.', 'https://via.placeholder.com/435x508/A73/fff/?text=PHOTO', 'https://via.placeholder.com/535x578/4A8/fff/?text=ICON', '2022-01-12 21:27:27'),
(11, '38', 37.730770, -122.392200, 'Lakrugla tipuksaz gut ri voofum wawcesi fem gobdeuse jaklir mubiwahok gifid usarav fomnag ted muhuhu ese.', 'https://via.placeholder.com/400x512/A7A/fff/?text=PHOTO', 'https://via.placeholder.com/523x550/BA9/fff/?text=ICON', '2022-08-24 18:48:51'),
(12, '31', 37.781020, -122.495830, 'Bidnulel sa hegaw vu porrew cuworon zujgodlo ciud wero cuucpa ecsig fofhamlu bin me vuusej ti zirjav zi.', 'https://via.placeholder.com/561x521/7BB/fff/?text=PHOTO', 'https://via.placeholder.com/572x354/857/fff/?text=ICON', '2021-09-15 22:19:32'),
(13, '4', 37.788010, -122.430030, 'Basel ugi kozumjur kebsiksi zedru pe jadolopin pepaw mo fuf du ruuzueki vijrapure nulul.', 'https://via.placeholder.com/487x580/666/fff/?text=PHOTO', 'https://via.placeholder.com/422x442/787/fff/?text=ICON', '2021-10-02 02:41:28'),
(14, '7', 37.799130, -122.445820, 'Ze avbum seema ozu zikicoh ve fodid cehel garasdir zu cuk kigu huhom ozuzajo da ujdo ralocen.', 'https://via.placeholder.com/355x401/A93/fff/?text=PHOTO', 'https://via.placeholder.com/567x593/465/fff/?text=ICON', '2022-01-18 04:29:51'),
(15, '20', 37.728680, -122.484180, 'Tum cugja ube zev vijjize utpi fioh saesoga puzine vucidifog opoz tog kohfi mow jigkal me baac.', 'https://via.placeholder.com/510x452/734/fff/?text=PHOTO', 'https://via.placeholder.com/430x596/745/fff/?text=ICON', '2020-02-18 13:20:23'),
(16, '41', 37.737750, -122.400570, 'Miir um bu nuc howdigrek wuh omikefu wacanli pabuc saw tefec salosvu bof vingi buhizimip fumho reneclow.', 'https://via.placeholder.com/579x473/854/fff/?text=PHOTO', 'https://via.placeholder.com/360x504/986/fff/?text=ICON', '2020-06-27 19:15:11'),
(17, '4', 37.688000, -122.445210, 'Kuh sivva nekor gadic faitu to buhaleiz diakbi iriwan ikoovesa pakoho titip helet hukar afsu owu isce ibeaf.', 'https://via.placeholder.com/450x499/744/fff/?text=PHOTO', 'https://via.placeholder.com/444x455/396/fff/?text=ICON', '2020-07-15 11:41:51'),
(18, '24', 37.763690, -122.385650, 'Wuhbehe sihgun urumarbi sapoj targotwam oli wu titikake fakoc ciwavup wiczoru naiwo tu era.', 'https://via.placeholder.com/390x523/865/fff/?text=PHOTO', 'https://via.placeholder.com/536x459/A69/fff/?text=ICON', '2021-09-25 00:20:27'),
(19, '30', 37.751170, -122.456860, 'Zivtij bem kuosami folcim cehfenoc rona edonah uzi codero cisha nagolca li vu cumod nadliguk ed dekpejde jefrikvar.', 'https://via.placeholder.com/575x566/5A8/fff/?text=PHOTO', 'https://via.placeholder.com/488x433/A63/fff/?text=ICON', '2021-05-06 08:06:50'),
(20, '35', 37.697350, -122.488020, 'Ehzet unme isbive re jozgu bavaj ecosup utu hipahod uvupe mumaur jabvu mi pok vi.', 'https://via.placeholder.com/514x405/96A/fff/?text=PHOTO', 'https://via.placeholder.com/427x435/A34/fff/?text=ICON', '2020-10-13 03:24:44'),
(21, '26', 37.775890, -122.461500, 'Napu vemza gi kab ve jofit hoinaeso damlolor suen bagma jumwow uhedo.', 'https://via.placeholder.com/473x558/974/fff/?text=PHOTO', 'https://via.placeholder.com/370x594/44A/fff/?text=ICON', '2021-03-22 12:45:23'),
(22, '50', 37.771490, -122.449910, 'Buha uhecidta idsas umis je dec zuz amule zipa oroci wupe dadope ijueruej lu.', 'https://via.placeholder.com/408x540/96B/fff/?text=PHOTO', 'https://via.placeholder.com/554x435/946/fff/?text=ICON', '2022-03-01 23:54:18'),
(23, '48', 37.781520, -122.375990, 'Gab zi inewof meozta uhsibuc pacugnup dojartu lozlotab ciiwa zorub los kibewug sadcif zor kil fancigak.', 'https://via.placeholder.com/482x374/A74/fff/?text=PHOTO', 'https://via.placeholder.com/547x402/969/fff/?text=ICON', '2020-11-22 20:36:08'),
(24, '17', 37.719230, -122.377810, 'Hovsev ofpub iku ik livticda bazrel nudhuic bes waawu eja fepecvih feuzu pakpufad er zoko vusuw.', 'https://via.placeholder.com/499x574/556/fff/?text=PHOTO', 'https://via.placeholder.com/413x582/A67/fff/?text=ICON', '2020-01-29 04:45:47'),
(25, '28', 37.702340, -122.486500, 'Neczo uri bo ufole epvejnaz paco areton gibarocim tonuzejus alidam jad vecug lazkazob run edecobfaj et vatu.', 'https://via.placeholder.com/363x510/566/fff/?text=PHOTO', 'https://via.placeholder.com/573x504/966/fff/?text=ICON', '2022-08-27 15:56:12'),
(26, '21', 37.723560, -122.455250, 'Nijawlav oj wij pupi jegi kulalzu orsino sum eliguj desud tek eg pe hakim godo uk gob.', 'https://via.placeholder.com/411x528/884/fff/?text=PHOTO', 'https://via.placeholder.com/564x511/B74/fff/?text=ICON', '2020-09-15 13:53:53'),
(27, '35', 37.772190, -122.438800, 'Cumus du azuto zeajamu iwmo venlez ogve ogo veh ul zijacla cinzocumi ono cifje dieci.', 'https://via.placeholder.com/451x496/569/fff/?text=PHOTO', 'https://via.placeholder.com/494x414/388/fff/?text=ICON', '2021-05-16 03:54:33'),
(28, '3', 37.729660, -122.432050, 'No pijmubap te hitesu duvtub dut wirirho in teagkej daw veglemu zibemvo kirfopuw lof.', 'https://via.placeholder.com/511x434/74B/fff/?text=PHOTO', 'https://via.placeholder.com/592x383/9A8/fff/?text=ICON', '2020-07-27 09:38:40'),
(29, '34', 37.755960, -122.457590, 'Ogiate vowuj dari sesvis cu fe ni haklido zosizicab aceki we dimu soke han difsu fialup gi ufupipa.', 'https://via.placeholder.com/426x484/386/fff/?text=PHOTO', 'https://via.placeholder.com/582x354/9B3/fff/?text=ICON', '2020-06-01 17:35:12'),
(30, '31', 37.739080, -122.434420, 'Mehiroc ho mew zouk amioswoh zezdu lodiuz ri baf ogdolkuj tiz me loib ha.', 'https://via.placeholder.com/373x404/765/fff/?text=PHOTO', 'https://via.placeholder.com/588x486/5B5/fff/?text=ICON', '2021-04-29 04:27:03'),
(31, '50', 37.715640, -122.478940, 'Zuzehe hakenfe ofebitvu nohazpub ir ikvu ijifaski to reoma rize meleniabu etpaine.', 'https://via.placeholder.com/500x359/883/fff/?text=PHOTO', 'https://via.placeholder.com/595x366/39B/fff/?text=ICON', '2020-12-29 03:39:03'),
(32, '41', 37.783260, -122.408200, 'Ataram gulefiro gon pokak andaha egare fomzebu orevjes hu rigjo ra pageb pu.', 'https://via.placeholder.com/408x561/773/fff/?text=PHOTO', 'https://via.placeholder.com/500x526/776/fff/?text=ICON', '2022-07-12 13:32:52'),
(33, '33', 37.678610, -122.474130, 'Hi pebe pi renaz ohevahad faiti navruz musero zere jovetmik guvvuvur gusu fekugu.', 'https://via.placeholder.com/356x467/738/fff/?text=PHOTO', 'https://via.placeholder.com/590x399/6B3/fff/?text=ICON', '2022-02-07 06:27:35'),
(34, '46', 37.722880, -122.375860, 'Joz vape ab pijkucep op vevak inepaez ros ace jol nujkiv nasrir.', 'https://via.placeholder.com/396x489/877/fff/?text=PHOTO', 'https://via.placeholder.com/363x558/438/fff/?text=ICON', '2021-11-14 01:19:22'),
(35, '18', 37.778910, -122.411790, 'Nomhim tuzlal sekeg risziuh lewmew cefgun kuc lebvaow va eje top akuko ta jijnah nowe fohlobed gedic.', 'https://via.placeholder.com/527x475/334/fff/?text=PHOTO', 'https://via.placeholder.com/482x417/856/fff/?text=ICON', '2020-07-26 04:25:17'),
(36, '42', 37.787370, -122.407580, 'Parbejci bem ahuod po hekadho velin sobgohem agjehuh zijlub jape imhup ne.', 'https://via.placeholder.com/489x424/B7B/fff/?text=PHOTO', 'https://via.placeholder.com/599x514/343/fff/?text=ICON', '2022-09-23 21:32:10'),
(37, '12', 37.747200, -122.465740, 'Ve ra dografseg ofvod wisotese ma gevi tu caaha ti sutafe pohik bebo niwif.', 'https://via.placeholder.com/444x457/565/fff/?text=PHOTO', 'https://via.placeholder.com/465x539/476/fff/?text=ICON', '2020-10-09 04:24:35'),
(38, '35', 37.698780, -122.426480, 'No go tugi ilat oli akunarze lifzunweb fareggah tawa pa recwunkic weaseare uve piide.', 'https://via.placeholder.com/363x466/B98/fff/?text=PHOTO', 'https://via.placeholder.com/370x350/AB6/fff/?text=ICON', '2021-08-29 10:32:24'),
(39, '48', 37.795720, -122.396410, 'Amakezvi ecbinez lal idapedag pimekice got bikaz eg eve pivzo barapti hizaebo pevov tuwam emodo bizwoltub supfez jucuoza.', 'https://via.placeholder.com/537x350/9B5/fff/?text=PHOTO', 'https://via.placeholder.com/368x526/B33/fff/?text=ICON', '2020-06-14 14:12:38'),
(40, '45', 37.698280, -122.370750, 'Vekum siruvez ripzifpok ahvodreg bu hos nuh rueciepu kaake kef wolfac gagonod gaof unbenur ozvafu wo rejep gepa.', 'https://via.placeholder.com/583x399/5A3/fff/?text=PHOTO', 'https://via.placeholder.com/443x491/398/fff/?text=ICON', '2022-10-10 15:36:17'),
(41, '43', 37.761050, -122.373180, 'Hauru to meklidak mok jotisro jotfi jufru haz zeiluag zuscunwa cor bonhesoh tu ege zoc puzwahfun vi pizulo.', 'https://via.placeholder.com/553x388/A85/fff/?text=PHOTO', 'https://via.placeholder.com/359x495/847/fff/?text=ICON', '2021-05-19 22:20:50'),
(42, '30', 37.674550, -122.431030, 'Licmahzi goana kakuz ib toheku gijab buv kow asu vek su te upa saliwurus.', 'https://via.placeholder.com/388x409/A38/fff/?text=PHOTO', 'https://via.placeholder.com/354x552/BA3/fff/?text=ICON', '2022-09-24 16:20:56'),
(43, '6', 37.705580, -122.424100, 'Bezi ku ule fodjutaw wo go fofor runboco tibudte faoh do buzset.', 'https://via.placeholder.com/422x595/489/fff/?text=PHOTO', 'https://via.placeholder.com/515x573/885/fff/?text=ICON', '2021-12-27 11:53:22'),
(44, '15', 37.702160, -122.466340, 'Igpij lenvasi piv tes ewemiaju idtaol mojudojo uzuanunoc erkada cotpoh jov lil.', 'https://via.placeholder.com/446x481/65B/fff/?text=PHOTO', 'https://via.placeholder.com/548x350/33A/fff/?text=ICON', '2020-05-24 22:55:46'),
(45, '9', 37.697400, -122.453790, 'Okibe mutri poljuota zavolfa moge rawholu ze hovol ki misomo wu soc nat degdehoc we wiwozza ah corif.', 'https://via.placeholder.com/386x445/735/fff/?text=PHOTO', 'https://via.placeholder.com/500x362/B63/fff/?text=ICON', '2022-07-13 07:00:04'),
(46, '28', 37.751710, -122.457960, 'Lenojoz gepa nikud digvi jiaboso neje teava now kamma bo bajirag difmegar wo uwuoho or.', 'https://via.placeholder.com/415x567/8B5/fff/?text=PHOTO', 'https://via.placeholder.com/398x552/B5B/fff/?text=ICON', '2021-07-17 19:01:58'),
(47, '10', 37.687500, -122.471370, 'Lasasamuv weofa ninipit gi nu tove mun has du bekjupoz mav jinge vevabam puege jop.', 'https://via.placeholder.com/402x477/A94/fff/?text=PHOTO', 'https://via.placeholder.com/414x580/6A3/fff/?text=ICON', '2021-03-30 12:57:24'),
(48, '30', 37.729780, -122.467880, 'Fedud nu navzesac sabpel ziltidar jughiz me tu gi oderugido uwba sebisij.', 'https://via.placeholder.com/434x523/65B/fff/?text=PHOTO', 'https://via.placeholder.com/421x522/837/fff/?text=ICON', '2021-09-17 20:47:39'),
(49, '48', 37.674130, -122.375360, 'Izdadza momvihfaf owufo cucuga ucjiv nagba icigigu suom focedudeb tijobu fesuzgi maramu ubopomud foduwmul na di.', 'https://via.placeholder.com/436x590/439/fff/?text=PHOTO', 'https://via.placeholder.com/559x386/555/fff/?text=ICON', '2020-07-06 05:16:24'),
(50, '30', 37.790050, -122.432680, 'Wu duriew zenak ca teh ti miivi sujaaz visco sej fim ronuseki weg.', 'https://via.placeholder.com/576x463/A75/fff/?text=PHOTO', 'https://via.placeholder.com/367x588/936/fff/?text=ICON', '2021-10-16 06:20:32'),
(51, '36', 37.792420, -122.457130, 'Luwebcol ham negazi kuvzoge utipe pec fulfozez lom simot jejardip jevavju piruga ejsuc heda hazaffob.', 'https://via.placeholder.com/356x391/5B9/fff/?text=PHOTO', 'https://via.placeholder.com/418x363/435/fff/?text=ICON', '2021-12-20 02:40:34'),
(52, '9', 37.731390, -122.410960, 'Gonjerub keam masonsim marani ic te afebovfa zusu nenimtu imiirrot adapogru ta gef vomub.', 'https://via.placeholder.com/416x410/454/fff/?text=PHOTO', 'https://via.placeholder.com/590x598/479/fff/?text=ICON', '2022-08-11 14:34:22'),
(53, '29', 37.779490, -122.416350, 'Puvjacwag juwasode dizona supi nu tapa be gelvivo ga ret cezutu kar teetir dicodah uzluh kel ji.', 'https://via.placeholder.com/540x490/A4B/fff/?text=PHOTO', 'https://via.placeholder.com/437x387/A78/fff/?text=ICON', '2021-05-07 11:12:57'),
(54, '26', 37.750370, -122.409910, 'Wupe todalic lus ropdi live jezehe uzticup urluvbor waekco bazkikos jeg jul po galude subjocru.', 'https://via.placeholder.com/578x532/6B6/fff/?text=PHOTO', 'https://via.placeholder.com/453x563/58B/fff/?text=ICON', '2021-09-14 07:16:36'),
(55, '44', 37.772330, -122.425400, 'Ub weiki sewatteh fuj mumkiksev ece pubru zag woj satme owo nulzet jicov davujco.', 'https://via.placeholder.com/511x536/886/fff/?text=PHOTO', 'https://via.placeholder.com/499x559/A9B/fff/?text=ICON', '2021-01-19 13:23:44'),
(56, '17', 37.735640, -122.460560, 'Muvzeco aniir oge pelid zil cod fah unobiwbe anodaije ofoc hakzec lot lajutemo jopim zubka dodvasan po.', 'https://via.placeholder.com/382x522/B67/fff/?text=PHOTO', 'https://via.placeholder.com/362x486/433/fff/?text=ICON', '2020-07-14 08:48:29'),
(57, '30', 37.710780, -122.386490, 'Pebdu od sid bovim so ahedet zuljoro petodoc tizifjo zoskesuv ramazjup ikajaoko mappedej.', 'https://via.placeholder.com/500x487/6A4/fff/?text=PHOTO', 'https://via.placeholder.com/408x358/855/fff/?text=ICON', '2021-04-01 09:35:01'),
(58, '15', 37.685680, -122.413830, 'Cail jolu tarowew ava aga lemrugo daloke me na lef cize hu ve eka hag.', 'https://via.placeholder.com/383x409/76B/fff/?text=PHOTO', 'https://via.placeholder.com/499x554/747/fff/?text=ICON', '2022-09-06 21:44:32'),
(59, '48', 37.786540, -122.446230, 'Wuitze lec su vu egu sehosese fijajat us mi soonuf va ida me kajobho ni riw mijoze ra.', 'https://via.placeholder.com/415x513/588/fff/?text=PHOTO', 'https://via.placeholder.com/600x581/477/fff/?text=ICON', '2021-09-07 08:33:30'),
(60, '36', 37.687800, -122.455940, 'Bu ribjivic kise nomziknis zu aszos oce geze edwot ju ci jaroz gofuwvek rija zimge zuecegal ubih hadimeb.', 'https://via.placeholder.com/539x545/497/fff/?text=PHOTO', 'https://via.placeholder.com/429x570/58B/fff/?text=ICON', '2022-05-29 19:35:36'),
(61, '43', 37.727410, -122.492790, 'Ficwi guh at dolowvew za wisana zovena hule fu aco wuwo gaszim.', 'https://via.placeholder.com/538x431/879/fff/?text=PHOTO', 'https://via.placeholder.com/555x452/6BB/fff/?text=ICON', '2021-07-05 03:43:30'),
(62, '37', 37.742160, -122.464550, 'Tihmuum jihfa beopaeh koeruwib oso ihi bek rakweh ta zukewle tanit su.', 'https://via.placeholder.com/434x575/3B9/fff/?text=PHOTO', 'https://via.placeholder.com/422x517/367/fff/?text=ICON', '2020-05-15 16:44:00'),
(63, '1', 37.690720, -122.437740, 'Lo fe rektutnuz lup me cavobir sa samzog diomo nes uzifuoso ote rik hez sajivo.', 'https://via.placeholder.com/417x521/656/fff/?text=PHOTO', 'https://via.placeholder.com/474x513/393/fff/?text=ICON', '2021-06-20 01:09:33'),
(64, '9', 37.704080, -122.476510, 'Tucil sohcadec bicib litopaobe jovledoga ekesola wel bi marictog ufuvam mo we luzu toosu.', 'https://via.placeholder.com/421x586/588/fff/?text=PHOTO', 'https://via.placeholder.com/383x509/736/fff/?text=ICON', '2020-10-16 11:11:51'),
(65, '41', 37.729540, -122.382650, 'Koncajses ba atwuw fateve ir owhic zorofeki mu bi tuhizu vesipi topafwam kiplu fub ucgowa gahale.', 'https://via.placeholder.com/490x438/554/fff/?text=PHOTO', 'https://via.placeholder.com/547x480/688/fff/?text=ICON', '2022-05-03 08:38:47'),
(66, '23', 37.760530, -122.397950, 'Kaw rokapewo da luozogu haehha mook ko lakifo loifdub kocofwe kefoma ana wuc gej hecaja la efauveli pa.', 'https://via.placeholder.com/557x433/668/fff/?text=PHOTO', 'https://via.placeholder.com/568x371/354/fff/?text=ICON', '2020-05-18 18:04:46'),
(67, '37', 37.772090, -122.491780, 'Danke jaji vo is kawrolbaj bocinfuf vem rompedtef mavev gulajepi igipebgac jecuk kefcina doz.', 'https://via.placeholder.com/483x523/8A7/fff/?text=PHOTO', 'https://via.placeholder.com/369x463/887/fff/?text=ICON', '2021-02-08 18:56:29'),
(68, '43', 37.752600, -122.444910, 'Ipa zu ocajan iniicomif ge mufo fek oroh ulaokhug wupke ad ze vupeda bahe sorsitga liglupco jifuele.', 'https://via.placeholder.com/476x426/37B/fff/?text=PHOTO', 'https://via.placeholder.com/575x387/46A/fff/?text=ICON', '2022-08-12 17:10:17'),
(69, '35', 37.764110, -122.404860, 'Dece cacpuhus ohofoha ivrop ewcu nemsobkuv binenuh casbo lediwaw vaju hi apigiggud pedot goc okevamvu goovo vapikbir omgon.', 'https://via.placeholder.com/553x360/338/fff/?text=PHOTO', 'https://via.placeholder.com/499x364/BBA/fff/?text=ICON', '2022-01-29 15:26:05'),
(70, '40', 37.763330, -122.373080, 'Miat pe realato ilto zipobkip hozo suaz ohvatral kav jevfus sav upwib rozovur ran.', 'https://via.placeholder.com/446x410/BBA/fff/?text=PHOTO', 'https://via.placeholder.com/351x362/A7A/fff/?text=ICON', '2022-01-29 17:38:35'),
(71, '5', 37.702710, -122.384450, 'Faegiiw duwlew poz korjo fa jescoscaw hib ba rokmouta nabwij igeti tagi agi.', 'https://via.placeholder.com/486x430/979/fff/?text=PHOTO', 'https://via.placeholder.com/411x476/647/fff/?text=ICON', '2020-08-23 00:16:36'),
(72, '48', 37.688570, -122.414740, 'Ker sojbedha efuudi ik zionlum tolve uci ih ro gadca piv hepkaceh vetaj oju ulozupca ed altupe vo.', 'https://via.placeholder.com/492x587/683/fff/?text=PHOTO', 'https://via.placeholder.com/554x427/69A/fff/?text=ICON', '2020-08-26 05:11:21'),
(73, '43', 37.733040, -122.412710, 'Mattuk aw pes tez dim cag ri holab wopicbo pis nifar ajbo nucu cita ro gec ozjaobu.', 'https://via.placeholder.com/574x563/685/fff/?text=PHOTO', 'https://via.placeholder.com/462x499/7A5/fff/?text=ICON', '2022-04-22 10:53:41'),
(74, '16', 37.724330, -122.481210, 'Widkuf surenuci vibu jip tawmebuf cijdo uheres ewsofkog wo jesze ti up rape ovu wag beova viob.', 'https://via.placeholder.com/413x571/A99/fff/?text=PHOTO', 'https://via.placeholder.com/364x591/A73/fff/?text=ICON', '2021-10-13 22:30:44'),
(75, '13', 37.703510, -122.380370, 'Tafuma sohuwwac foromtas owakuj guarued ruhbi jasuzis meh ucos jufadjel nibke siszeg viz guv.', 'https://via.placeholder.com/505x405/383/fff/?text=PHOTO', 'https://via.placeholder.com/357x409/46B/fff/?text=ICON', '2020-12-17 22:57:04'),
(76, '34', 37.740610, -122.427740, 'Tik boasu uwob miboktuv zivugiew asacih gofsez ir veva mutowliv tip hackakizu mo zu worbapo.', 'https://via.placeholder.com/381x431/3B9/fff/?text=PHOTO', 'https://via.placeholder.com/519x581/366/fff/?text=ICON', '2020-07-04 02:16:20'),
(77, '19', 37.770580, -122.453030, 'Abuzaezi pudfene baz ucpozug kebvuvu fijzudaj vow eddatsud dozkoreg hu imbol sutmegce isdinlod tewwo lobgo kijdi wujmup jupigale.', 'https://via.placeholder.com/351x511/397/fff/?text=PHOTO', 'https://via.placeholder.com/377x438/B89/fff/?text=ICON', '2021-12-28 02:18:33'),
(78, '22', 37.733750, -122.440470, 'Sure gif nah pewec fijumazu tofrenow kauziba puaroeh wo uzvu ca da lubujim ohwe wikehi firide peg.', 'https://via.placeholder.com/373x429/64B/fff/?text=PHOTO', 'https://via.placeholder.com/470x563/73B/fff/?text=ICON', '2020-10-07 20:42:23'),
(79, '2', 37.725310, -122.378370, 'Bu ehohepi ribivura ej rawtijuh hingujva lasivzig tosbeop nag meoci mole regkut evuhaap faw laoduna gi tehza.', 'https://via.placeholder.com/424x457/B7A/fff/?text=PHOTO', 'https://via.placeholder.com/366x470/994/fff/?text=ICON', '2020-02-05 05:44:00'),
(80, '17', 37.789350, -122.424990, 'Lizogic di hiomove lelov feboc siizo edgan muno renhowi is pukahru ked wa uhzoeha azwug giw.', 'https://via.placeholder.com/555x539/793/fff/?text=PHOTO', 'https://via.placeholder.com/365x552/583/fff/?text=ICON', '2022-02-17 19:17:01'),
(81, '21', 37.739990, -122.415050, 'Coiga zeler li ruc ifujivu cohjo wi liefle tot orju nijsibu gulivono so wap bacelzac asugohu.', 'https://via.placeholder.com/350x498/659/fff/?text=PHOTO', 'https://via.placeholder.com/407x554/A7A/fff/?text=ICON', '2022-07-04 13:11:48'),
(82, '50', 37.734220, -122.450400, 'Hisdeba fawolif su jenazpa oh po eho aw egisav falnu idudub rebcuv.', 'https://via.placeholder.com/581x545/AAB/fff/?text=PHOTO', 'https://via.placeholder.com/458x551/653/fff/?text=ICON', '2021-07-04 21:38:22'),
(83, '14', 37.735530, -122.444780, 'Uluf bijulma laadabil su cabit lomahi suscu nokguw vifdez di az rikreb mabjug ucuidnu masisajon jono.', 'https://via.placeholder.com/472x425/AB8/fff/?text=PHOTO', 'https://via.placeholder.com/517x487/598/fff/?text=ICON', '2022-05-24 19:30:49'),
(84, '4', 37.762280, -122.387970, 'Sotwot bogdezej fuhe hiravcik jodju hi hotwuh hu nab wem cem cih lut garore rubzumoc ipratpa.', 'https://via.placeholder.com/530x357/766/fff/?text=PHOTO', 'https://via.placeholder.com/597x509/887/fff/?text=ICON', '2022-01-08 12:24:47'),
(85, '33', 37.737350, -122.381110, 'Gi sopwe nib rito peho rogzow hes fu fas locke rurovasup nuuwko gouva gepkuh sohbisuw ko cijo.', 'https://via.placeholder.com/550x493/458/fff/?text=PHOTO', 'https://via.placeholder.com/511x353/9B3/fff/?text=ICON', '2022-02-22 14:23:55'),
(86, '12', 37.675500, -122.417890, 'Pefbe ugo rebap jikav gilot cohlu eh ho aheda su tas ko cahteger fen jizru gujasfi ta.', 'https://via.placeholder.com/566x364/554/fff/?text=PHOTO', 'https://via.placeholder.com/576x544/959/fff/?text=ICON', '2021-02-10 19:44:12'),
(87, '3', 37.780870, -122.402300, 'Ve vomudkus suno netecogig ji moru capi ufoho merlallas but til ol.', 'https://via.placeholder.com/409x400/9A8/fff/?text=PHOTO', 'https://via.placeholder.com/596x370/4A8/fff/?text=ICON', '2020-05-21 14:26:57'),
(88, '43', 37.799160, -122.474480, 'Cihpeze mumdujnaw rocawkir lofnuhu jiboste sisto war jul gos lekocup alabu cero.', 'https://via.placeholder.com/566x400/4AA/fff/?text=PHOTO', 'https://via.placeholder.com/510x465/A6A/fff/?text=ICON', '2021-08-03 17:41:46'),
(89, '47', 37.760850, -122.416220, 'Wektucro kejvece wa jikofha supijgig ta wokokra si noko sit dimfoibo mohene wig abadu.', 'https://via.placeholder.com/441x485/799/fff/?text=PHOTO', 'https://via.placeholder.com/525x362/335/fff/?text=ICON', '2020-06-18 09:31:42'),
(90, '32', 37.686400, -122.409610, 'Hewu hamme maaskuf uszomwi fiv ti neldu itus riru pulagame tiju irnaru wasewa reloz.', 'https://via.placeholder.com/535x527/469/fff/?text=PHOTO', 'https://via.placeholder.com/487x383/578/fff/?text=ICON', '2020-04-15 13:53:27'),
(91, '13', 37.681690, -122.467620, 'Labkusew wa gazi rakoh nokelek ceobodu puzkuvoz kuj luzouhu bi hiwanpet fidjiti uj mid dudohule bifwov do.', 'https://via.placeholder.com/581x569/BAA/fff/?text=PHOTO', 'https://via.placeholder.com/565x566/845/fff/?text=ICON', '2021-05-12 13:12:14'),
(92, '17', 37.722750, -122.491380, 'Cuc ru kovnowud uwgoges kefuc pufer wuwvo mop viwo fevnevo delgihkop iptejeg ropedgoc gumfad ciclawu gipe lim.', 'https://via.placeholder.com/557x532/BA6/fff/?text=PHOTO', 'https://via.placeholder.com/568x441/784/fff/?text=ICON', '2022-04-09 07:40:57'),
(93, '46', 37.699830, -122.490510, 'Raw nuv hora cijsoci jalloze mez isse kures da veighof wortozu ceko ga.', 'https://via.placeholder.com/489x509/734/fff/?text=PHOTO', 'https://via.placeholder.com/473x556/BB3/fff/?text=ICON', '2020-10-16 09:05:05'),
(94, '18', 37.718650, -122.397240, 'Vav tinhoddof akwu pip piv jiza idiimanu cakape wez ejapag gi ge re ivuubasec za.', 'https://via.placeholder.com/533x532/888/fff/?text=PHOTO', 'https://via.placeholder.com/492x470/A95/fff/?text=ICON', '2021-01-27 02:38:41'),
(95, '37', 37.772220, -122.389670, 'Cedo zuna pezogogo esamu nurekis menguve cifivfi hivuwpi lubumom zu va fuctouj ga povji ipegrol fasuzu.', 'https://via.placeholder.com/460x545/996/fff/?text=PHOTO', 'https://via.placeholder.com/514x595/398/fff/?text=ICON', '2020-08-24 09:47:01'),
(96, '25', 37.680140, -122.483300, 'Ar it secasgo ti samwopho vabac mu une teofa gibmiaku iza keclaka.', 'https://via.placeholder.com/594x484/B57/fff/?text=PHOTO', 'https://via.placeholder.com/481x541/969/fff/?text=ICON', '2022-09-04 06:50:17'),
(97, '1', 37.683170, -122.467110, 'Cod oz newdulek iszu za fetvuh la cebap foago juzepeja lilduwin hirni hiuwu.', 'https://via.placeholder.com/485x495/696/fff/?text=PHOTO', 'https://via.placeholder.com/542x415/889/fff/?text=ICON', '2020-09-24 15:52:10'),
(98, '2', 37.695590, -122.400650, 'Bawmat ikelovon pov pet how usu lobar ipiveslom roc med omewaaw rebto uweomwiw.', 'https://via.placeholder.com/505x573/733/fff/?text=PHOTO', 'https://via.placeholder.com/555x570/393/fff/?text=ICON', '2021-06-19 09:37:47'),
(99, '50', 37.728790, -122.455500, 'Tuojisev muv govubutij hipwojoh todijen mila soakepu obkup ik dib epi fiv voh ruluha wotej biut.', 'https://via.placeholder.com/365x479/AB5/fff/?text=PHOTO', 'https://via.placeholder.com/413x397/B78/fff/?text=ICON', '2020-08-25 03:39:58'),
(100, '36', 37.785670, -122.494540, 'Neutijow anapakmu iclizutu zalmotnav im zudojin kiuvober de camabage su hejapaka kipbik guliwi biogu ladrus nihkuj gaw nihup.', 'https://via.placeholder.com/379x414/A58/fff/?text=PHOTO', 'https://via.placeholder.com/510x411/578/fff/?text=ICON', '2021-06-12 16:21:40'),
(101, '17', 37.721180, -122.407020, 'Da waw daucovub ojvik ad nizzevhi tiwudna ajo endiwsar do dozve zitov tasiw le bifiv licpuopi.', 'https://via.placeholder.com/458x370/677/fff/?text=PHOTO', 'https://via.placeholder.com/469x382/5A6/fff/?text=ICON', '2020-11-22 08:32:56'),
(102, '11', 37.707300, -122.460780, 'Puil somlo cihesrit vejeiba mohve licta fus hihko dep gohof fitod ibgod he fo rad resovmil.', 'https://via.placeholder.com/353x424/994/fff/?text=PHOTO', 'https://via.placeholder.com/452x352/497/fff/?text=ICON', '2020-05-06 18:34:35'),
(103, '10', 37.726670, -122.411870, 'Ishi vu cogconu azopu fa so fafdapev ohi ehe ketun lu sivner hac dajontu abipintij.', 'https://via.placeholder.com/498x447/5B9/fff/?text=PHOTO', 'https://via.placeholder.com/503x539/457/fff/?text=ICON', '2020-01-06 09:54:56'),
(104, '50', 37.711470, -122.461040, 'Idu de mi med ni disujmuh zup woocuhi filleoje ohiot akubig ceko hormu uwesubic us itoin gi.', 'https://via.placeholder.com/498x515/A35/fff/?text=PHOTO', 'https://via.placeholder.com/532x453/593/fff/?text=ICON', '2020-09-26 16:11:24'),
(105, '3', 37.779290, -122.459650, 'Vit lakocolor bawud kehtemon sup jov jud lizkugu jegeste fizwo lovwa ruwpacgow copkame.', 'https://via.placeholder.com/482x493/867/fff/?text=PHOTO', 'https://via.placeholder.com/491x462/78A/fff/?text=ICON', '2022-02-23 12:52:52'),
(106, '8', 37.786960, -122.420600, 'Dob kuvwi joov ke jasmad ulidat oh cafbabje lufel gohu pezepa na alajomoz biz lihze vepez atojegpi lig.', 'https://via.placeholder.com/357x364/BB3/fff/?text=PHOTO', 'https://via.placeholder.com/379x567/965/fff/?text=ICON', '2022-09-02 19:49:47'),
(107, '10', 37.701470, -122.475760, 'Haisa asvog zuiremuc ideen ikujalvo waf pucu oginu fonuhduv selap gozwe vusnanuk.', 'https://via.placeholder.com/515x529/484/fff/?text=PHOTO', 'https://via.placeholder.com/506x583/AB9/fff/?text=ICON', '2020-04-23 00:39:10'),
(108, '27', 37.733870, -122.411380, 'Tebena upzu sujeric ropuvho delij na hatusije gevle tek nenu jop hebowwaz we wuwzudton wawotihe.', 'https://via.placeholder.com/352x576/787/fff/?text=PHOTO', 'https://via.placeholder.com/356x461/74A/fff/?text=ICON', '2021-06-05 14:08:23'),
(109, '11', 37.756320, -122.385270, 'Usodohcu nude wucefwuk fatugo de ce umpugepi mawhi povveca nucce tukresig paunvi hiskefme otpavesu cofkeso roj.', 'https://via.placeholder.com/461x372/684/fff/?text=PHOTO', 'https://via.placeholder.com/398x523/795/fff/?text=ICON', '2021-01-04 02:18:56'),
(110, '16', 37.764590, -122.432690, 'Ikunik oza cabfebi kuh bekap guro nuvhir ber jaha bingeve vuvgiv iricutum kic ubuket fi wivgapo nubbof sean.', 'https://via.placeholder.com/592x578/698/fff/?text=PHOTO', 'https://via.placeholder.com/486x490/844/fff/?text=ICON', '2021-12-31 20:39:17'),
(111, '27', 37.768390, -122.374890, 'Zasus godhuhwez mukucsa zuclol murifwas iftaka am depale orora sagraz pinge cejji caprebap fih zawkap nizazsa.', 'https://via.placeholder.com/576x553/346/fff/?text=PHOTO', 'https://via.placeholder.com/560x558/83B/fff/?text=ICON', '2022-06-09 20:30:05'),
(112, '25', 37.766870, -122.487550, 'Rewpa vivno nug ruatsu uwfocbeg pe gogok norum sufatenen miwnolu lif jab ido fakejoz.', 'https://via.placeholder.com/467x507/57B/fff/?text=PHOTO', 'https://via.placeholder.com/555x471/A35/fff/?text=ICON', '2022-08-09 02:10:36'),
(113, '34', 37.697770, -122.452830, 'Ovniw pibvi gilul zuc pugki fuz peida luj huj iso ezabibhe enbibuh pavi arba.', 'https://via.placeholder.com/425x553/BB8/fff/?text=PHOTO', 'https://via.placeholder.com/390x541/3B4/fff/?text=ICON', '2020-05-30 23:46:09'),
(114, '16', 37.673650, -122.454400, 'Kibodwi zomut fookcus mev zo cul epouga jirdijjus puppaj geznor ovfaz bijvuc zovodu fun sulsuzma ketuv tupcapser.', 'https://via.placeholder.com/441x512/55A/fff/?text=PHOTO', 'https://via.placeholder.com/503x557/437/fff/?text=ICON', '2022-07-15 19:52:55'),
(115, '45', 37.788810, -122.462040, 'Tado egegiz foj jaszan ale kor wugi rugfeev fomisjo po et vi gowet ti pefwoc tifoori palsahav vamiho.', 'https://via.placeholder.com/364x396/A64/fff/?text=PHOTO', 'https://via.placeholder.com/388x360/873/fff/?text=ICON', '2022-04-15 04:02:47'),
(116, '49', 37.682720, -122.422440, 'Ahdad vopmed dor agucki cezumemaz kab wuspan jetapbov fucinuge za bezubu sege wobo jiwpeh ize savewnor.', 'https://via.placeholder.com/500x384/AA6/fff/?text=PHOTO', 'https://via.placeholder.com/352x386/746/fff/?text=ICON', '2020-12-13 23:06:00'),
(117, '43', 37.711070, -122.440660, 'Zigojjo hi noztaja ef ozisoc beec zujhu fi hukufe wosgoko cib puwurar kiz lelucug vi litfiffit zo.', 'https://via.placeholder.com/531x512/859/fff/?text=PHOTO', 'https://via.placeholder.com/564x505/4B9/fff/?text=ICON', '2021-07-19 18:56:32'),
(118, '19', 37.724340, -122.471590, 'Cirneiva zitedtar go awoga iseti oga ij navdagmok enawaza buhol joozzum peneoh cum na odco uza jacfeg gedol.', 'https://via.placeholder.com/556x567/488/fff/?text=PHOTO', 'https://via.placeholder.com/535x478/544/fff/?text=ICON', '2022-03-08 07:10:53'),
(119, '46', 37.746630, -122.420120, 'Weta celha riz zahmek nitemve aluhun nancofi tujsuh meciz vam ichowbab kodarlep ma ozigum do.', 'https://via.placeholder.com/417x447/63A/fff/?text=PHOTO', 'https://via.placeholder.com/446x417/8AB/fff/?text=ICON', '2021-03-09 13:09:42'),
(120, '33', 37.776280, -122.499170, 'Imehinet ku tebe gerfuok ro mid es riloil fekfuv dopipun co jipa ij supbime arfin hogfen kupfi.', 'https://via.placeholder.com/476x590/893/fff/?text=PHOTO', 'https://via.placeholder.com/578x453/55A/fff/?text=ICON', '2021-07-23 11:48:42'),
(121, '13', 37.764480, -122.449660, 'Kekam avi pu ba rubhu jih gelakwo accewwug novsisbib okosco elsegceb su nu dewdope ekfozo.', 'https://via.placeholder.com/391x514/654/fff/?text=PHOTO', 'https://via.placeholder.com/495x504/7A9/fff/?text=ICON', '2021-10-18 13:26:19'),
(122, '14', 37.775340, -122.491030, 'Fopakaw gah pungimeh radiboemi sala judatilo gowop nivu us dispog ponfufage towuj lavok sihbi biz vuduk.', 'https://via.placeholder.com/378x497/756/fff/?text=PHOTO', 'https://via.placeholder.com/476x391/344/fff/?text=ICON', '2021-03-12 12:39:10'),
(123, '41', 37.708810, -122.488440, 'Zijesulu waujolu bodli po poen deogfa ku wikujba ovhawema pujudemuw neronalu uz to biug sol huzhot digip lobunjic.', 'https://via.placeholder.com/360x395/676/fff/?text=PHOTO', 'https://via.placeholder.com/377x390/834/fff/?text=ICON', '2020-10-15 16:18:51'),
(124, '1', 37.722810, -122.375470, 'Da so muw juci tu at ocir zu viob fo gijsi bovirlub zow rosbar lifre imifhu mujuvu den.', 'https://via.placeholder.com/536x437/457/fff/?text=PHOTO', 'https://via.placeholder.com/522x436/47A/fff/?text=ICON', '2020-09-26 09:58:49'),
(125, '39', 37.798550, -122.462310, 'Zewfi awame uzaheszap jep ginwocrev sifde pusi nomuf fipsaipu iti bighet uko wi.', 'https://via.placeholder.com/523x515/737/fff/?text=PHOTO', 'https://via.placeholder.com/387x464/A7B/fff/?text=ICON', '2020-11-03 02:08:28'),
(126, '47', 37.703610, -122.468870, 'Kepnuh for noteis wup rol hiluvfu ka bokis kag noj zelbolu imgahij.', 'https://via.placeholder.com/444x461/AB4/fff/?text=PHOTO', 'https://via.placeholder.com/456x477/75A/fff/?text=ICON', '2021-05-25 04:26:01'),
(127, '2', 37.687160, -122.425970, 'Rologeg hurucun adukidtuk je susroce vazocepom ozuaf mekcit viirkil egja mil bid pol ruhlazo.', 'https://via.placeholder.com/413x528/B74/fff/?text=PHOTO', 'https://via.placeholder.com/526x484/543/fff/?text=ICON', '2020-04-07 12:29:01'),
(128, '5', 37.762100, -122.464880, 'Aftihgi lihijo runtil fefaluk opu sonone teenosog guscip pavuzon anhi za ohebiho medli zolzupe odhi uz.', 'https://via.placeholder.com/364x521/646/fff/?text=PHOTO', 'https://via.placeholder.com/354x447/6B8/fff/?text=ICON', '2022-09-07 19:30:32'),
(129, '18', 37.770840, -122.415070, 'Su nota pic genhil ar pesanlej luhet tohtif va we nimim we najena semeteife mesiw mubtusto peik homsup.', 'https://via.placeholder.com/550x479/377/fff/?text=PHOTO', 'https://via.placeholder.com/565x522/547/fff/?text=ICON', '2020-05-30 03:53:22'),
(130, '17', 37.730750, -122.454800, 'Refron da jalwacam go juhges ocmiot ladi rujlehip emo fivdawiz zom ju leut pazig nuznebma wi zuv puc.', 'https://via.placeholder.com/437x351/AAA/fff/?text=PHOTO', 'https://via.placeholder.com/486x547/937/fff/?text=ICON', '2021-07-04 20:43:31'),
(131, '12', 37.799290, -122.462000, 'Bejpu neba gi rigamcab cid fifjej ta amuruusu nihdoba zow pa ec.', 'https://via.placeholder.com/525x511/568/fff/?text=PHOTO', 'https://via.placeholder.com/424x475/7B8/fff/?text=ICON', '2022-01-26 03:01:48'),
(132, '38', 37.768980, -122.375360, 'Jec icumecoh hiob ju hutaveh ifne ci jotilken mafe siwar uvogigsiz waugavah.', 'https://via.placeholder.com/553x572/87B/fff/?text=PHOTO', 'https://via.placeholder.com/451x527/778/fff/?text=ICON', '2022-03-06 19:54:23'),
(133, '14', 37.719770, -122.403770, 'Dugnaj sop sisri ku lu ihevso no fa tej mug bo giz zoadkuk meruldu onjufme.', 'https://via.placeholder.com/575x500/734/fff/?text=PHOTO', 'https://via.placeholder.com/393x593/7B8/fff/?text=ICON', '2021-04-16 21:52:20'),
(134, '10', 37.734240, -122.472230, 'Kevu bif inukolfel ef ramibuz fo boren forvaked obvo lomezju jojhe kesfok.', 'https://via.placeholder.com/482x402/3A4/fff/?text=PHOTO', 'https://via.placeholder.com/531x551/6A8/fff/?text=ICON', '2020-05-27 02:46:58'),
(135, '1', 37.702240, -122.405660, 'Nopdu obetotiza huol fidano jes keumi unufus rag ev diho afirobla be limdecwaz rohogek ko ekgehkad bosti wuvawohop.', 'https://via.placeholder.com/548x529/AA5/fff/?text=PHOTO', 'https://via.placeholder.com/537x490/456/fff/?text=ICON', '2022-10-17 07:39:44'),
(136, '19', 37.671780, -122.370770, 'Japig bej ap huj voni hufuz gahupju uh za divboh bajke sawbowse omugon kef epeke neftu bocjobji.', 'https://via.placeholder.com/543x526/7A8/fff/?text=PHOTO', 'https://via.placeholder.com/428x580/978/fff/?text=ICON', '2020-11-17 23:59:23'),
(137, '24', 37.728540, -122.401740, 'It caz lurabfe lel pafudoki bodabzef iruvojdov jajwid itepo nukupla ez ga.', 'https://via.placeholder.com/511x386/987/fff/?text=PHOTO', 'https://via.placeholder.com/354x487/A56/fff/?text=ICON', '2020-05-20 19:22:59'),
(138, '35', 37.749760, -122.375530, 'Ruwi asip mahlazada ri pol vijmosa ga afiri kesur bahtidvep pu larcikful acafeuzi bed.', 'https://via.placeholder.com/568x599/957/fff/?text=PHOTO', 'https://via.placeholder.com/441x583/469/fff/?text=ICON', '2021-04-29 10:56:44'),
(139, '28', 37.761110, -122.481710, 'Re wam pi balkaguc vefuv gabuhda akkar nezbu dosiw bukef doh li midribna awsop.', 'https://via.placeholder.com/584x498/745/fff/?text=PHOTO', 'https://via.placeholder.com/591x495/397/fff/?text=ICON', '2022-07-28 04:05:00'),
(140, '34', 37.673530, -122.477550, 'Ejcu fiida ru nijreti fez docwun dosukoada zarob we pugegso geshok tuziv ju he erucde ka noj mifepmaf.', 'https://via.placeholder.com/501x517/374/fff/?text=PHOTO', 'https://via.placeholder.com/506x376/397/fff/?text=ICON', '2021-09-23 08:50:31'),
(141, '39', 37.712950, -122.469520, 'Ij rerpa hazuvun sipelre himmor fobaspof namka guzapgeh lajec rocaf zukec wukuiv idzijula fukbohwi.', 'https://via.placeholder.com/586x553/3BA/fff/?text=PHOTO', 'https://via.placeholder.com/547x356/465/fff/?text=ICON', '2020-05-08 12:37:14'),
(142, '49', 37.750440, -122.410070, 'Ufopot untuiw pikpogdan la kot se lakreezu ogowov biuw wacaj zeno etorew.', 'https://via.placeholder.com/385x392/3B7/fff/?text=PHOTO', 'https://via.placeholder.com/379x488/468/fff/?text=ICON', '2021-11-10 18:23:19'),
(143, '47', 37.687420, -122.458420, 'Sagwihad kuh uhariz ham esilo tauw dec hodozu kon noare epi feah fancu ofepisnas ujuezo mab fotzep lise.', 'https://via.placeholder.com/424x405/7A5/fff/?text=PHOTO', 'https://via.placeholder.com/455x564/375/fff/?text=ICON', '2020-02-11 13:31:49'),
(144, '35', 37.711350, -122.382430, 'Tudarot ko ra hojec daj zeltisnad kapiwaf vazaniv derbib muzhuwce ididodwef voapa.', 'https://via.placeholder.com/524x570/AB3/fff/?text=PHOTO', 'https://via.placeholder.com/351x600/474/fff/?text=ICON', '2020-10-13 02:12:36'),
(145, '49', 37.715570, -122.468720, 'Levtob raron okeecood ifilezusi woju me rot cosedtal rucpun rocdosci citumjap ip lun azizimem olaigaje lojfej.', 'https://via.placeholder.com/448x373/656/fff/?text=PHOTO', 'https://via.placeholder.com/485x368/879/fff/?text=ICON', '2020-03-24 03:53:09'),
(146, '49', 37.789230, -122.436970, 'Vumuvuf he po ve weddid pec ozfeno ojji sirweb me uzucefdat zez nasul sinoz.', 'https://via.placeholder.com/512x408/A88/fff/?text=PHOTO', 'https://via.placeholder.com/499x474/A94/fff/?text=ICON', '2020-03-23 10:14:45'),
(147, '17', 37.730520, -122.472210, 'Vo kud inhod avfuf nogo inapikfu lo ek at juzarwo uhoawo sunped cafiki anted emgosfu lazake sogub zil.', 'https://via.placeholder.com/354x511/4A8/fff/?text=PHOTO', 'https://via.placeholder.com/497x463/555/fff/?text=ICON', '2022-08-21 18:30:04'),
(148, '26', 37.791260, -122.471380, 'Untefhih meresmuf dilsusgo upewebe givotvac rofdufcuv ropa bunudu daehunad ji kavjezfu omugaw zughej wiezu okeli.', 'https://via.placeholder.com/446x379/635/fff/?text=PHOTO', 'https://via.placeholder.com/372x494/77A/fff/?text=ICON', '2020-03-05 06:32:52'),
(149, '50', 37.799890, -122.406030, 'Nabagi suwoje fube ha ubre iftafhug potcoj emda hildujsos endow nalbumrun bewi buzjihid fuwuife fi hin wizavwok foktiwo.', 'https://via.placeholder.com/584x577/977/fff/?text=PHOTO', 'https://via.placeholder.com/480x464/66A/fff/?text=ICON', '2020-03-11 15:09:10'),
(150, '35', 37.689390, -122.494320, 'Userokev wepodrij neveblu pigjek dejid weise wus rerafi jowvi vew itoeviija bo miavukiw sob tewod hauc suamom.', 'https://via.placeholder.com/578x369/6B7/fff/?text=PHOTO', 'https://via.placeholder.com/353x423/439/fff/?text=ICON', '2020-08-21 14:55:28'),
(151, '37', 37.681860, -122.380210, 'Ronagiv kiksomi eweutida miod gi oco edpol wi gum til hu ehkof egane hireddu te vosehgo.', 'https://via.placeholder.com/431x527/895/fff/?text=PHOTO', 'https://via.placeholder.com/471x540/5A4/fff/?text=ICON', '2022-05-31 23:03:30'),
(152, '50', 37.777800, -122.387100, 'Obfurlu uhitoj usedibzo tejworip ekzak lotjehaw jozho en awavorwur ni ke hi fo famo ji lawsiw zoguj.', 'https://via.placeholder.com/469x375/35A/fff/?text=PHOTO', 'https://via.placeholder.com/363x554/843/fff/?text=ICON', '2022-05-24 08:55:30'),
(153, '36', 37.784010, -122.390760, 'Oku ipo ede jifni apler tagzezsij uvfero dullat vouduc efi oduhubih pefomhed miedo.', 'https://via.placeholder.com/463x571/458/fff/?text=PHOTO', 'https://via.placeholder.com/400x530/B85/fff/?text=ICON', '2020-12-22 16:22:26'),
(154, '22', 37.764740, -122.498580, 'Vubib oluik bazlir cab wirotu ge rucgum kelu agioge rolodzu ronkur fagum nis to.', 'https://via.placeholder.com/526x418/3B5/fff/?text=PHOTO', 'https://via.placeholder.com/492x452/53B/fff/?text=ICON', '2022-01-07 23:46:14'),
(155, '40', 37.778150, -122.399230, 'Pihuak huv hed sobas vi tenaz jerekup aliusigu uliuwuepi zobmo turu jed jef mas tijujten pisehe rawiwa fuvo.', 'https://via.placeholder.com/464x496/7A4/fff/?text=PHOTO', 'https://via.placeholder.com/512x497/4B9/fff/?text=ICON', '2021-05-19 01:06:50'),
(156, '5', 37.671220, -122.436020, 'Doofnuc vugo rekjamdi nafafrow fahu mo likpi gemiw kacodtu vipezo irze ejsewso ra wavbehif etahejap reot.', 'https://via.placeholder.com/429x406/395/fff/?text=PHOTO', 'https://via.placeholder.com/356x352/B55/fff/?text=ICON', '2022-04-12 07:40:42'),
(157, '3', 37.740650, -122.473830, 'Go ufo sownupjad cunibij leumop imedub nen igusok subado asve popekah fanpawad.', 'https://via.placeholder.com/502x530/749/fff/?text=PHOTO', 'https://via.placeholder.com/450x524/859/fff/?text=ICON', '2022-01-28 12:05:09'),
(158, '44', 37.785570, -122.408880, 'Ohiraw tud facvawwe gi wetig namah upba mafed va zuhpikvi memakab oc usnib koob pazge wel ti.', 'https://via.placeholder.com/389x363/BB4/fff/?text=PHOTO', 'https://via.placeholder.com/495x589/B68/fff/?text=ICON', '2021-03-29 12:46:45'),
(159, '40', 37.699680, -122.432850, 'Tedafuj dujec fulwig momesuva ene rit hifwa ni rium loj uvejeso hagmu epene.', 'https://via.placeholder.com/529x445/359/fff/?text=PHOTO', 'https://via.placeholder.com/426x417/758/fff/?text=ICON', '2020-04-15 23:20:47'),
(160, '16', 37.737160, -122.422470, 'Himompa gu zual wivosod zagciw ecufovbo zahga efhe zour te lah jocez iru kiji tohpo tu is akla.', 'https://via.placeholder.com/384x384/7A3/fff/?text=PHOTO', 'https://via.placeholder.com/455x580/745/fff/?text=ICON', '2021-11-08 05:17:21'),
(161, '47', 37.790650, -122.460520, 'Niv cokabi rivezo tamtiwsir nuizi jirpi fo cejhu wajos cuhte cutrunup li kuojomis wotaeva av.', 'https://via.placeholder.com/582x385/384/fff/?text=PHOTO', 'https://via.placeholder.com/437x388/764/fff/?text=ICON', '2021-10-14 04:48:19'),
(162, '2', 37.720540, -122.446770, 'Juwohe caz toc wiwedvoj ejlucne nel sitwokta ibpe idlu cecenemu onietafij pepwicec.', 'https://via.placeholder.com/516x369/778/fff/?text=PHOTO', 'https://via.placeholder.com/559x515/957/fff/?text=ICON', '2022-09-29 07:36:36'),
(163, '42', 37.738670, -122.394680, 'Tubbe vuwcivse pu codhukol iclovis ciahara desmoga vego vofnofran wi lezedde ka dulod.', 'https://via.placeholder.com/576x479/BAA/fff/?text=PHOTO', 'https://via.placeholder.com/586x548/7B6/fff/?text=ICON', '2021-01-24 11:19:55'),
(164, '11', 37.679830, -122.428780, 'Iw vafeija salasu zirhid botwizweb fowakcaf hefejibe hu jo jume kat uj he.', 'https://via.placeholder.com/509x543/885/fff/?text=PHOTO', 'https://via.placeholder.com/486x535/3A7/fff/?text=ICON', '2021-10-25 18:32:47'),
(165, '21', 37.702260, -122.383210, 'Ama jabo tewli jovew jocpo ihfud vo jodfi vicwu pejlu oguwig relce gumfi.', 'https://via.placeholder.com/404x411/58B/fff/?text=PHOTO', 'https://via.placeholder.com/551x595/ABB/fff/?text=ICON', '2022-07-30 22:54:43'),
(166, '28', 37.716790, -122.401980, 'Olakawat jukon ri cimodsow sim to goravi gino jitebuwi fu vour godagih umetub loguj iw nouvzu.', 'https://via.placeholder.com/579x400/639/fff/?text=PHOTO', 'https://via.placeholder.com/367x548/887/fff/?text=ICON', '2020-08-07 02:49:13'),
(167, '23', 37.716580, -122.461810, 'La cekketaki moduwhus felokfa gono suovcuv onmewu vemawec iraseera sipwin hodwu ogeno uflaivo he movwublo ecu rugguprup.', 'https://via.placeholder.com/383x520/49A/fff/?text=PHOTO', 'https://via.placeholder.com/350x564/6A6/fff/?text=ICON', '2022-09-30 12:45:31'),
(168, '8', 37.694270, -122.411290, 'Ibiwa waziuh ipnok fe amja hapocuc femrefut goir se so johujgu itek ejipos jeru wa wuohzaf.', 'https://via.placeholder.com/424x560/4B3/fff/?text=PHOTO', 'https://via.placeholder.com/586x554/6A4/fff/?text=ICON', '2020-09-21 08:59:03'),
(169, '5', 37.711770, -122.378630, 'Enouriluv awe zi felul gadvoka halmala vobief dem devjo gadlen jigsisa ri wujon.', 'https://via.placeholder.com/576x517/478/fff/?text=PHOTO', 'https://via.placeholder.com/458x547/B86/fff/?text=ICON', '2020-06-21 13:52:35'),
(170, '29', 37.673920, -122.409200, 'Er uhelu do lazler bezagdi ka nifoszaz hepef vo mu adaniwfu pumden ini godpel go osougifi.', 'https://via.placeholder.com/517x480/A55/fff/?text=PHOTO', 'https://via.placeholder.com/459x404/B65/fff/?text=ICON', '2020-05-18 23:02:22'),
(171, '8', 37.689670, -122.375390, 'Kasog ul favuvjeh ogu nosubiku opoziib idi lun bekowun fuvtellef ika ogu fofi suwebies was.', 'https://via.placeholder.com/474x389/4BA/fff/?text=PHOTO', 'https://via.placeholder.com/576x464/593/fff/?text=ICON', '2022-04-02 23:12:38'),
(172, '25', 37.781300, -122.425330, 'Upesokal nisojsuf to saig muw iw wofuthev lalol ikove bo ev vib okofo sa cemiha ocanu su ifu.', 'https://via.placeholder.com/543x573/973/fff/?text=PHOTO', 'https://via.placeholder.com/597x362/637/fff/?text=ICON', '2020-06-26 14:10:19'),
(173, '2', 37.773500, -122.492460, 'Loz waz pumibwa zaheuf nolu rubef naton ru bacomcu koke evsizas loozfu ekiciubo.', 'https://via.placeholder.com/493x584/838/fff/?text=PHOTO', 'https://via.placeholder.com/394x557/835/fff/?text=ICON', '2022-04-20 02:21:51'),
(174, '37', 37.674890, -122.432820, 'Zupurap gehluso savajze ti owrag peum ihag upogo kochifof ic fikjoj mesodvef.', 'https://via.placeholder.com/554x408/539/fff/?text=PHOTO', 'https://via.placeholder.com/405x554/564/fff/?text=ICON', '2022-07-24 11:58:28'),
(175, '9', 37.670450, -122.372240, 'Tec ul odwitgu bo irejowra emu je lesa johap viup zakifse temeznin mijje opgaz hovalrid zion jaofuhog udeaza.', 'https://via.placeholder.com/399x523/658/fff/?text=PHOTO', 'https://via.placeholder.com/503x461/448/fff/?text=ICON', '2020-07-24 23:00:33'),
(176, '37', 37.793170, -122.486450, 'Wojalda he itoluheg ramadcow butusne isfa zubenbal joz edza jetuzi me kuiv.', 'https://via.placeholder.com/381x568/B3A/fff/?text=PHOTO', 'https://via.placeholder.com/496x486/A58/fff/?text=ICON', '2020-05-13 15:47:41'),
(177, '3', 37.782950, -122.421470, 'Vanikdal ikaza howdipbis witedo vej ricdij esozicow lol rekdiro por nekvo mamwagpoj uhaipru ihalul baz.', 'https://via.placeholder.com/542x434/8B8/fff/?text=PHOTO', 'https://via.placeholder.com/548x561/7A3/fff/?text=ICON', '2022-07-11 00:11:24'),
(178, '18', 37.700380, -122.395240, 'Re nouf golpeh ped lifku dafog pofkibli pepvozud ewa tothokba et riol me boowfab hegizbi ne acofozofa kavdul.', 'https://via.placeholder.com/489x556/634/fff/?text=PHOTO', 'https://via.placeholder.com/376x572/B54/fff/?text=ICON', '2020-12-06 19:40:11'),
(179, '38', 37.734490, -122.455800, 'Ru hoaweapi giw inuced dafzuov odopaggof it goge nosikwa pu akiwun bec jipis ru galcuroz orimuf sopuh tugif.', 'https://via.placeholder.com/468x585/555/fff/?text=PHOTO', 'https://via.placeholder.com/420x391/3A5/fff/?text=ICON', '2021-07-27 12:57:31'),
(180, '35', 37.775080, -122.418040, 'Ehokatigo dazaluro sozvo putsur job linibi digmir jotiro cutsojed nesew kivdom imib bocgev igoejobew benelpe padni norbiko miwojfut.', 'https://via.placeholder.com/373x362/76A/fff/?text=PHOTO', 'https://via.placeholder.com/548x562/BAB/fff/?text=ICON', '2021-06-29 00:02:07'),
(181, '26', 37.693040, -122.385780, 'Evhil tanas un pi hel ga zuplapze gin curaju zulor wumosnej depweta.', 'https://via.placeholder.com/515x531/544/fff/?text=PHOTO', 'https://via.placeholder.com/496x596/67A/fff/?text=ICON', '2022-10-12 13:39:15'),
(182, '34', 37.702740, -122.402910, 'Niuwa kilpivwi ubinohjon ocapa muoti tuwapege pavjoavi koho naacpeg utodoz jorgoh ra jilpimke.', 'https://via.placeholder.com/433x424/B59/fff/?text=PHOTO', 'https://via.placeholder.com/420x447/87B/fff/?text=ICON', '2020-01-01 11:43:35'),
(183, '43', 37.730300, -122.443580, 'Uco nif inafojas piw faljul kukja wip vivme ise taginlo pi dusjiter ipuhok adodi izerih ket.', 'https://via.placeholder.com/421x549/A43/fff/?text=PHOTO', 'https://via.placeholder.com/378x514/738/fff/?text=ICON', '2022-07-09 17:37:57'),
(184, '27', 37.717970, -122.390820, 'Picpihdop icemewal ju ijedecir moitor wuvo kodtiba liebew ije jabkaaz kiun tafvubka vos tegtimem nimipif wo.', 'https://via.placeholder.com/367x590/833/fff/?text=PHOTO', 'https://via.placeholder.com/405x473/8B9/fff/?text=ICON', '2020-05-02 09:52:14'),
(185, '10', 37.670430, -122.413840, 'Pemnomzom nujkeko gihe gos av viwkod tik johum rajniat ze osumo wov vut.', 'https://via.placeholder.com/374x505/B79/fff/?text=PHOTO', 'https://via.placeholder.com/599x541/9B3/fff/?text=ICON', '2021-03-20 13:56:43');
INSERT INTO `track_202290_locations` (`id`, `animal_id`, `lat`, `lng`, `description`, `photo`, `icon`, `date_create`) VALUES
(186, '33', 37.697160, -122.415190, 'Miz ofo zun ni ol tis avu la disogpi firid zap habiapi laadogi luocojeb hopabmek bi nogak.', 'https://via.placeholder.com/389x401/B57/fff/?text=PHOTO', 'https://via.placeholder.com/398x368/9A8/fff/?text=ICON', '2021-10-07 13:46:40'),
(187, '13', 37.793460, -122.449430, 'Mac ilcedvar wudogil zaddewuvu eratipu oki bu riho tepa ufiowa pennacmul zu kovef tiup kebus.', 'https://via.placeholder.com/374x411/B87/fff/?text=PHOTO', 'https://via.placeholder.com/588x470/97A/fff/?text=ICON', '2020-10-27 22:23:58'),
(188, '48', 37.759740, -122.371770, 'Jof hoede vusi jegi kipros wabgav zikpahad pev bopmom ezugaw reuzza se ne umzium wi gowar sahom.', 'https://via.placeholder.com/559x406/83B/fff/?text=PHOTO', 'https://via.placeholder.com/572x567/A83/fff/?text=ICON', '2022-10-22 23:31:46'),
(189, '17', 37.679290, -122.464900, 'Fifhamhi totpera wer juv orocopus fagulpor boghe dob jaccaze po cajtev susenora hejso rezfihvo mezudni.', 'https://via.placeholder.com/556x462/339/fff/?text=PHOTO', 'https://via.placeholder.com/581x398/5A5/fff/?text=ICON', '2020-04-24 18:47:53'),
(190, '40', 37.753930, -122.426520, 'Orola cufzogo famaw od wunob purehot uw be pi leno fam sasni kiwiun we fuf.', 'https://via.placeholder.com/596x552/473/fff/?text=PHOTO', 'https://via.placeholder.com/444x529/A45/fff/?text=ICON', '2022-01-07 22:01:08'),
(191, '24', 37.730600, -122.465080, 'Ufied iw awcibi hazehiin lovbi ozneblar joca lowif finugli ojvaliva letowoh gom apoda susce wezowaf.', 'https://via.placeholder.com/397x566/655/fff/?text=PHOTO', 'https://via.placeholder.com/447x439/A69/fff/?text=ICON', '2020-09-25 21:00:15'),
(192, '17', 37.792490, -122.498290, 'Pobpucecu og ajapif favdib jobne kemvulkon koweje tegos go lar tema gu nejupila dehuro on.', 'https://via.placeholder.com/532x374/636/fff/?text=PHOTO', 'https://via.placeholder.com/387x412/549/fff/?text=ICON', '2020-09-07 06:46:47'),
(193, '32', 37.734520, -122.463090, 'Maz sol mus ec pusi letum ok bawje heh jetbop uz hune.', 'https://via.placeholder.com/579x507/A65/fff/?text=PHOTO', 'https://via.placeholder.com/403x591/594/fff/?text=ICON', '2022-07-16 16:39:13'),
(194, '7', 37.676040, -122.405400, 'Tejnaso bo ca piis coz are rewde peemake rasreese dojsez ko kuj fisahuli osidojre fah um kozle.', 'https://via.placeholder.com/397x581/46A/fff/?text=PHOTO', 'https://via.placeholder.com/382x470/995/fff/?text=ICON', '2022-01-18 09:42:26'),
(195, '21', 37.787860, -122.496240, 'Nutudeti buj lu setucihof mu tizozuwa otubunme obza inu mi weegri futge ovmuh vi kopfalo nomolnuf ebafpez pigikbuk.', 'https://via.placeholder.com/445x508/445/fff/?text=PHOTO', 'https://via.placeholder.com/436x559/848/fff/?text=ICON', '2021-02-27 14:27:08'),
(196, '39', 37.786750, -122.480060, 'Taked dez haujrir riproglal atzih nigic uzihihtob zofiw ebe vehnige raf emuno rakonnuh vavargu liw mufoge ig za.', 'https://via.placeholder.com/390x430/AA7/fff/?text=PHOTO', 'https://via.placeholder.com/441x511/839/fff/?text=ICON', '2022-01-17 03:33:07'),
(197, '28', 37.681770, -122.436550, 'Utbis sazelzuh cocfevko minkumfa lilulaniz nedkecire nidhovok he tu go ivozowa lazelsu.', 'https://via.placeholder.com/423x501/736/fff/?text=PHOTO', 'https://via.placeholder.com/512x592/B73/fff/?text=ICON', '2022-08-26 04:17:13'),
(198, '6', 37.796010, -122.438100, 'Wil tebomol lihin ime sofjufbe recukogef cawipbu jel tuv daz secnitfup nabwormiv ri.', 'https://via.placeholder.com/489x397/88A/fff/?text=PHOTO', 'https://via.placeholder.com/404x540/49B/fff/?text=ICON', '2021-07-28 06:21:21'),
(199, '14', 37.688640, -122.439220, 'Fojap cubodji dagege pibvageba uhhoumo urfo nenkor vaohri katco ijvutut duj rif.', 'https://via.placeholder.com/547x532/993/fff/?text=PHOTO', 'https://via.placeholder.com/411x489/B58/fff/?text=ICON', '2020-10-15 06:07:05'),
(200, '9', 37.797000, -122.435220, 'Zu ravu mibies ubu jac surof jin ossosni wegot po hes taper.', 'https://via.placeholder.com/360x351/89A/fff/?text=PHOTO', 'https://via.placeholder.com/439x505/AB6/fff/?text=ICON', '2020-02-27 20:51:36'),
(201, '22', 37.748490, -122.409270, 'Javbokhib zelfigu pamri ihtunev vup luk umu ciumze lob la en saloema dej hi.', 'https://via.placeholder.com/598x440/843/fff/?text=PHOTO', 'https://via.placeholder.com/352x351/66B/fff/?text=ICON', '2021-11-06 14:05:22'),
(202, '40', 37.764320, -122.487060, 'Nabil upuvavose nifno viz hopemdi ja ene cogjaceh kudemu bonahu sohdek nuhes.', 'https://via.placeholder.com/478x479/7A4/fff/?text=PHOTO', 'https://via.placeholder.com/499x524/66A/fff/?text=ICON', '2020-07-03 04:14:20'),
(203, '10', 37.681780, -122.491020, 'Ije ozidef ruhere cot pezac retuc ci eza halrizbip jo gumkeb sul.', 'https://via.placeholder.com/366x365/A4A/fff/?text=PHOTO', 'https://via.placeholder.com/457x434/A49/fff/?text=ICON', '2021-04-04 12:07:36'),
(204, '19', 37.779860, -122.421790, 'Hu ha uzobomit wafopun pah wefraoza muub jecene nivim li dorreju resivfu rifi gu cothudziw vagsi va olbama.', 'https://via.placeholder.com/598x360/563/fff/?text=PHOTO', 'https://via.placeholder.com/417x590/3A3/fff/?text=ICON', '2021-11-29 09:34:12'),
(205, '16', 37.688430, -122.395030, 'Ofte povev vi av diwjibat olojasik id pu micmi capdep milov tecu racad pof dajik.', 'https://via.placeholder.com/452x408/747/fff/?text=PHOTO', 'https://via.placeholder.com/378x401/497/fff/?text=ICON', '2020-03-13 09:24:19'),
(206, '28', 37.685510, -122.434350, 'Unef sahopge bucu nihiw mubenerih omana as at vogimte ifa tovo li temato ta mese togohzes fupiudo.', 'https://via.placeholder.com/405x406/7AB/fff/?text=PHOTO', 'https://via.placeholder.com/571x410/48B/fff/?text=ICON', '2021-07-19 09:29:36'),
(207, '15', 37.729180, -122.438670, 'Cagewe wulpuk favgon nouhe tevgu da rod faopmik hecehsan sudwi rofofuap rur la radvive vi dozlil aju wiv.', 'https://via.placeholder.com/353x507/376/fff/?text=PHOTO', 'https://via.placeholder.com/526x522/B7A/fff/?text=ICON', '2020-04-19 04:26:13'),
(208, '49', 37.765270, -122.395510, 'Naz ut zam zihudju buc ugcot fudku woru ce ucufeloj gici ne oj tujeaw ugovodos ecmuhag.', 'https://via.placeholder.com/536x513/9A6/fff/?text=PHOTO', 'https://via.placeholder.com/563x595/879/fff/?text=ICON', '2022-04-02 01:45:12'),
(209, '42', 37.745430, -122.382480, 'Et gijuh cukgaod kip cowazcel sitoctoj vuguful curcem wacjuzhoh zi ram ro loj kosa.', 'https://via.placeholder.com/482x581/47A/fff/?text=PHOTO', 'https://via.placeholder.com/420x577/6A4/fff/?text=ICON', '2022-07-14 00:31:45'),
(210, '3', 37.670490, -122.434900, 'Muvi havolkot zig nul zug cuk aka va javborig uleiko lathu cuab weesipe efjasal bawcisi bitidne ovnaros tukugeg.', 'https://via.placeholder.com/512x401/554/fff/?text=PHOTO', 'https://via.placeholder.com/541x387/455/fff/?text=ICON', '2020-03-22 17:23:08'),
(211, '32', 37.671500, -122.481680, 'Kankebuz ticratgi pe coihe epoer taw fiwacves fatkaz cobpokah bo nijzovat fauckin ufje.', 'https://via.placeholder.com/465x556/63A/fff/?text=PHOTO', 'https://via.placeholder.com/528x575/563/fff/?text=ICON', '2021-12-30 05:02:41'),
(212, '18', 37.704420, -122.386820, 'Ki dub ivuseh note gafil kowwe de duuhwu erhidhuv aste ijiwi giep nojo owiroem meter ma kog bowmuwfuj.', 'https://via.placeholder.com/546x435/AB5/fff/?text=PHOTO', 'https://via.placeholder.com/456x575/A9B/fff/?text=ICON', '2021-04-02 05:42:51'),
(213, '42', 37.763530, -122.437950, 'Be av bo asopir nur zawila wo za pahjiheno saediva pu ec haszij gahin peftego jajuger cuglothu deretbi.', 'https://via.placeholder.com/392x397/BBA/fff/?text=PHOTO', 'https://via.placeholder.com/384x583/868/fff/?text=ICON', '2021-02-26 22:30:56'),
(214, '36', 37.799540, -122.436630, 'Nujo no bugo rieburu cap pakbo jouwomuf rup rolar ki wucuma pat jikiw tucfik be igi.', 'https://via.placeholder.com/383x475/56B/fff/?text=PHOTO', 'https://via.placeholder.com/581x525/994/fff/?text=ICON', '2021-10-21 06:15:49'),
(215, '33', 37.705610, -122.446050, 'Ikjitali si fuvebes cogu amije etijojzi zepzaz orisa su det akoosi va towve edele.', 'https://via.placeholder.com/539x378/575/fff/?text=PHOTO', 'https://via.placeholder.com/361x502/A58/fff/?text=ICON', '2020-06-03 19:23:29'),
(216, '3', 37.690520, -122.420670, 'Irikuvom darlak rewofkiv vibgizla etoime kezmitmiw am ozdacimo tek fatopvuv hegif bozzaemo.', 'https://via.placeholder.com/350x507/545/fff/?text=PHOTO', 'https://via.placeholder.com/580x401/494/fff/?text=ICON', '2020-02-09 00:38:00'),
(217, '22', 37.686670, -122.380920, 'Refsedaz up fikukce dohinbi rowfebki juhcu heuvaabo radelcin kumam ruvhu eb wihonsu kohnu parha.', 'https://via.placeholder.com/439x529/3BA/fff/?text=PHOTO', 'https://via.placeholder.com/449x388/B9B/fff/?text=ICON', '2022-08-10 13:12:48'),
(218, '21', 37.793030, -122.393700, 'Jesoc me gevvebto cupro gajkufun cuam ecuzihodo etwow dacwauza zofhejuci izu pi pihaparik fet.', 'https://via.placeholder.com/476x419/586/fff/?text=PHOTO', 'https://via.placeholder.com/392x355/646/fff/?text=ICON', '2021-02-26 10:54:56'),
(219, '23', 37.691330, -122.402610, 'Zuszu nizjed hiftep nobbuzu be povnazdan karmog wasansu ivebobo webasder bodgo mulanitu cupbadic kesidaw digvowiz.', 'https://via.placeholder.com/433x596/4A6/fff/?text=PHOTO', 'https://via.placeholder.com/443x498/BAB/fff/?text=ICON', '2020-08-07 14:48:16'),
(220, '33', 37.677310, -122.411050, 'Zamvulaj owsas disgaw du ju diucus lovot jaris todnicoh adri akbazuf fuenusu ilo zoad.', 'https://via.placeholder.com/467x575/7B8/fff/?text=PHOTO', 'https://via.placeholder.com/586x484/3AA/fff/?text=ICON', '2020-12-01 05:57:57'),
(221, '19', 37.731910, -122.417510, 'Cokdaduki pisel pa roluer linojo sanmuzo gopatu uretuk kumek gip li ruritude dinsamke poptecgo bice.', 'https://via.placeholder.com/457x418/946/fff/?text=PHOTO', 'https://via.placeholder.com/402x583/575/fff/?text=ICON', '2021-06-15 18:15:41'),
(222, '1', 37.720250, -122.449920, 'Acisod za opejuf zofza ow natuwi samaris ham ir ri culma wujenro.', 'https://via.placeholder.com/430x403/6BB/fff/?text=PHOTO', 'https://via.placeholder.com/555x447/455/fff/?text=ICON', '2021-06-12 16:21:00'),
(223, '25', 37.731960, -122.386950, 'Sardic it dobri zef je neuga eb puhojam gosjagaka sofro ovegetefu he.', 'https://via.placeholder.com/369x408/79A/fff/?text=PHOTO', 'https://via.placeholder.com/560x482/658/fff/?text=ICON', '2022-06-07 13:07:51'),
(224, '40', 37.785450, -122.423470, 'Tovit cidot ok tiwalgu tep zemhihaf efozo wu sadumi agi jejennu omifigtob nasufopeb udougasuv pavfadi jephol.', 'https://via.placeholder.com/587x594/BBB/fff/?text=PHOTO', 'https://via.placeholder.com/386x465/4B4/fff/?text=ICON', '2021-04-02 08:28:27'),
(225, '40', 37.687890, -122.396570, 'Cueza ih urrih lingu fowbonwun ihuufuhe linuc najgikgud cedkijuz weuzo pij liekwaf awine jactob naih enlef hawhizdot.', 'https://via.placeholder.com/426x358/54A/fff/?text=PHOTO', 'https://via.placeholder.com/568x550/A4A/fff/?text=ICON', '2021-05-14 01:36:43'),
(226, '35', 37.777290, -122.428990, 'Raj lu edegulfu hihitpa daj wumiguto bad amuhat irawik ipcum miga nuimna orumo dah zaafuhe hobodsi taw ki.', 'https://via.placeholder.com/470x405/746/fff/?text=PHOTO', 'https://via.placeholder.com/545x364/A84/fff/?text=ICON', '2021-05-16 07:40:42'),
(227, '11', 37.725550, -122.459180, 'Varajmu dium viv nujav mogrinse il wu gerkil do wees mitot uhzuvna bi licufda romno.', 'https://via.placeholder.com/445x567/A3A/fff/?text=PHOTO', 'https://via.placeholder.com/557x485/9A6/fff/?text=ICON', '2020-07-31 18:34:19'),
(228, '33', 37.706330, -122.452600, 'Ag cu hemeh betzotpes geksoc ta lampociz heclof ak rulak wegkewpe wajuf to.', 'https://via.placeholder.com/456x378/876/fff/?text=PHOTO', 'https://via.placeholder.com/438x422/344/fff/?text=ICON', '2020-07-31 00:09:55'),
(229, '37', 37.781150, -122.475320, 'Wubsi umazajut dugobgac arsot vub fit vofrogkem jafi lizhijle kubi of ajolansu dut mogana izivi fa reos.', 'https://via.placeholder.com/373x401/6A6/fff/?text=PHOTO', 'https://via.placeholder.com/361x406/973/fff/?text=ICON', '2021-10-26 21:41:00'),
(230, '25', 37.675260, -122.490970, 'Dagwo rerazlej oci vecilwu ipa ewapupa baw uzizu mowef nebhufus gifom mewais cela vi kol wedlof.', 'https://via.placeholder.com/518x499/43A/fff/?text=PHOTO', 'https://via.placeholder.com/371x531/48B/fff/?text=ICON', '2020-09-10 04:49:58'),
(231, '45', 37.739330, -122.491600, 'Ge tesnolfu jotet tizeh newpu su jeta povo dunrodi zod lo na gi garzob vos nuc.', 'https://via.placeholder.com/396x582/548/fff/?text=PHOTO', 'https://via.placeholder.com/572x447/37B/fff/?text=ICON', '2022-05-15 17:35:06'),
(232, '41', 37.727400, -122.386530, 'Se oti ges jet tadij micda ho pufmu vih vier ba manpiufa setwibip utuhon.', 'https://via.placeholder.com/578x487/75A/fff/?text=PHOTO', 'https://via.placeholder.com/573x503/997/fff/?text=ICON', '2020-03-21 11:03:02'),
(233, '30', 37.774020, -122.408910, 'Ufiitra humkom etham sezponso juken nirawe ri zufifedu lapah cimcoh nu ah ma jurajhus te.', 'https://via.placeholder.com/430x516/66B/fff/?text=PHOTO', 'https://via.placeholder.com/564x464/A4A/fff/?text=ICON', '2021-12-27 08:38:22'),
(234, '41', 37.709270, -122.462120, 'Rocgaj aneepwoc sevel paf ga edughi naj wuwgodira wa muguwih do feanuwar nam.', 'https://via.placeholder.com/427x524/38B/fff/?text=PHOTO', 'https://via.placeholder.com/593x455/853/fff/?text=ICON', '2022-10-04 02:31:43'),
(235, '35', 37.670200, -122.441510, 'Ha mezu fek uk nedfawhi hikma gutsurni gahepre je hiknote mebsod wibueze bo pec.', 'https://via.placeholder.com/492x405/794/fff/?text=PHOTO', 'https://via.placeholder.com/486x586/893/fff/?text=ICON', '2022-10-19 05:51:48'),
(236, '17', 37.717580, -122.457030, 'La rufmak hupaaw guzoj zimso moepi vuranva dekhuv hemwe li suvud hifeta.', 'https://via.placeholder.com/389x355/48B/fff/?text=PHOTO', 'https://via.placeholder.com/420x455/963/fff/?text=ICON', '2022-04-13 17:01:08'),
(237, '44', 37.797060, -122.496670, 'Gubu culoju zuw hiz nasicude jewvu rulrelij rahnukdel pami ru tup kook.', 'https://via.placeholder.com/383x470/B69/fff/?text=PHOTO', 'https://via.placeholder.com/549x444/536/fff/?text=ICON', '2021-09-11 10:17:38'),
(238, '18', 37.707730, -122.473740, 'Mi limudwu nejimo jobeur pohi limfufsi pezagjo elepovi mijsetjep elto lahitpe guzukika lo wow evkufjib azi lug.', 'https://via.placeholder.com/364x504/677/fff/?text=PHOTO', 'https://via.placeholder.com/537x456/6A6/fff/?text=ICON', '2020-03-10 15:32:13'),
(239, '2', 37.720050, -122.387690, 'Nec uwikuvsar citnil pibimuzo apnic pu nekpevso an zu faccete kelhifad ka ceh mep bejbamu podkaele anu.', 'https://via.placeholder.com/507x357/459/fff/?text=PHOTO', 'https://via.placeholder.com/569x520/3A8/fff/?text=ICON', '2021-01-18 18:55:58'),
(240, '12', 37.782010, -122.494210, 'Holza ro nitdivra upiezoitu mezip hoawuba muvlif ropu nobreper edakikow zaw vikdicwuf sazhurmih miera parodko kezzoztab.', 'https://via.placeholder.com/542x536/539/fff/?text=PHOTO', 'https://via.placeholder.com/592x410/A66/fff/?text=ICON', '2020-09-16 02:51:07'),
(241, '41', 37.751100, -122.467660, 'Gavab duw su ci opigo bijgicdu ejenakmaj woscehnac wemo son sumpeg sahoohi wovfis ozu abojuwuf cioki beurjo.', 'https://via.placeholder.com/424x516/4BA/fff/?text=PHOTO', 'https://via.placeholder.com/393x506/858/fff/?text=ICON', '2020-04-11 22:55:29'),
(242, '12', 37.746580, -122.475670, 'Geksudfe dihaj za lut ninu udopomje fov mu evo kisetrar apatenaz murnucmo olaoncu budme.', 'https://via.placeholder.com/453x492/699/fff/?text=PHOTO', 'https://via.placeholder.com/558x582/A46/fff/?text=ICON', '2022-04-30 20:54:15'),
(243, '37', 37.789190, -122.470460, 'Jarniepe saafwef la tos uvu enifowe sic hifa cogiw magi vaaksik vipigji abevoma wa aho ca unu.', 'https://via.placeholder.com/514x531/5B8/fff/?text=PHOTO', 'https://via.placeholder.com/350x511/349/fff/?text=ICON', '2022-02-06 18:10:02'),
(244, '44', 37.718850, -122.425270, 'Vu sacoib fokuze omelabkas tah ca amfun ca hefotti tigaasu of la rol nuk adcob wodi.', 'https://via.placeholder.com/401x430/554/fff/?text=PHOTO', 'https://via.placeholder.com/372x485/669/fff/?text=ICON', '2021-09-22 09:56:36'),
(245, '1', 37.741060, -122.477640, 'Bowgiit lehgen jerava gujsic uthub cekohoh rinudav epo fidnah rir zohbok go acemluj wenodmi ecofukca hulsiztoj bem ke.', 'https://via.placeholder.com/410x560/8A8/fff/?text=PHOTO', 'https://via.placeholder.com/491x457/53B/fff/?text=ICON', '2021-11-13 11:26:25'),
(246, '20', 37.708940, -122.469770, 'Niz befalis tuvab zuic vazso suzrefmic ru dujo ko vowelge uwi aceuda ti zo ekoji.', 'https://via.placeholder.com/546x482/885/fff/?text=PHOTO', 'https://via.placeholder.com/384x416/9B7/fff/?text=ICON', '2020-11-29 14:03:16'),
(247, '2', 37.771880, -122.434430, 'Couv ce natovuz joris avecacuj liilicu def isofad hefwac benruh zijkuze pi.', 'https://via.placeholder.com/391x544/757/fff/?text=PHOTO', 'https://via.placeholder.com/445x356/A63/fff/?text=ICON', '2021-12-04 07:06:08'),
(248, '40', 37.714000, -122.383930, 'Sib dit hamemta je umurenow to huswogot noniziv bu esfip dafek zop uj vibis.', 'https://via.placeholder.com/409x475/465/fff/?text=PHOTO', 'https://via.placeholder.com/384x442/358/fff/?text=ICON', '2020-07-08 21:40:33'),
(249, '16', 37.723720, -122.409420, 'Ga mon tu fo rulvam eme usu lipaj laju jakupmig zasbi befoki dionufi uvpefej guziztur hochedpu woc.', 'https://via.placeholder.com/370x581/577/fff/?text=PHOTO', 'https://via.placeholder.com/521x442/A39/fff/?text=ICON', '2020-11-25 01:14:39'),
(250, '12', 37.682830, -122.430180, 'Bug sarninci li tihlah itonezkaw botcomo fur ko ja wi waregwe himhef.', 'https://via.placeholder.com/528x460/783/fff/?text=PHOTO', 'https://via.placeholder.com/513x479/649/fff/?text=ICON', '2022-07-23 19:19:46');

-- --------------------------------------------------------

--
-- Table structure for table `track_202290_users`
--

CREATE TABLE `track_202290_users` (
  `id` int(13) NOT NULL,
  `name` varchar(64) NOT NULL,
  `username` varchar(64) NOT NULL,
  `email` varchar(128) NOT NULL,
  `password` varchar(32) NOT NULL,
  `img` varchar(256) NOT NULL,
  `date_create` datetime NOT NULL
) ENGINE=InnoDB DEFAULT CHARSET=latin1;

--
-- Dumping data for table `track_202290_users`
--

INSERT INTO `track_202290_users` (`id`, `name`, `username`, `email`, `password`, `img`, `date_create`) VALUES
(1, 'Cody Holloway', 'user1', 'user1@gmail.com', '1a1dc91c907325c69271ddf0c944bc72', 'https://via.placeholder.com/555x557/598/fff/?text=Cody Holloway', '2020-12-09 15:18:58'),
(2, 'Keith Morrison', 'user2', 'user2@gmail.com', '1a1dc91c907325c69271ddf0c944bc72', 'https://via.placeholder.com/368x548/3AA/fff/?text=Keith Morrison', '2020-04-15 10:33:25'),
(3, 'Dollie Rivera', 'user3', 'user3@gmail.com', '1a1dc91c907325c69271ddf0c944bc72', 'https://via.placeholder.com/437x427/88A/fff/?text=Dollie Rivera', '2020-05-16 07:16:04'),
(4, 'Eleanor Hughes', 'user4', 'user4@gmail.com', '1a1dc91c907325c69271ddf0c944bc72', 'https://via.placeholder.com/389x554/B39/fff/?text=Eleanor Hughes', '2020-04-19 07:35:37'),
(5, 'Cora Ingram', 'user5', 'user5@gmail.com', '1a1dc91c907325c69271ddf0c944bc72', 'https://via.placeholder.com/372x533/699/fff/?text=Cora Ingram', '2020-10-03 21:17:03'),
(6, 'Ida Thompson', 'user6', 'user6@gmail.com', '1a1dc91c907325c69271ddf0c944bc72', 'https://via.placeholder.com/491x370/56A/fff/?text=Ida Thompson', '2021-10-02 00:38:41'),
(7, 'Mario Erickson', 'user7', 'user7@gmail.com', '1a1dc91c907325c69271ddf0c944bc72', 'https://via.placeholder.com/479x574/A65/fff/?text=Mario Erickson', '2020-10-09 09:25:21'),
(8, 'Myrtle Cobb', 'user8', 'user8@gmail.com', '1a1dc91c907325c69271ddf0c944bc72', 'https://via.placeholder.com/414x499/587/fff/?text=Myrtle Cobb', '2021-01-16 11:15:01'),
(9, 'Lora Shaw', 'user9', 'user9@gmail.com', '1a1dc91c907325c69271ddf0c944bc72', 'https://via.placeholder.com/497x472/494/fff/?text=Lora Shaw', '2020-05-18 20:24:48'),
(10, 'Maude Fowler', 'user10', 'user10@gmail.com', '1a1dc91c907325c69271ddf0c944bc72', 'https://via.placeholder.com/509x409/8A9/fff/?text=Maude Fowler', '2021-03-10 06:01:36');

--
-- Indexes for dumped tables
--

--
-- Indexes for table `track_202290_animals`
--
ALTER TABLE `track_202290_animals`
  ADD PRIMARY KEY (`id`);

--
-- Indexes for table `track_202290_locations`
--
ALTER TABLE `track_202290_locations`
  ADD PRIMARY KEY (`id`);

--
-- Indexes for table `track_202290_users`
--
ALTER TABLE `track_202290_users`
  ADD PRIMARY KEY (`id`);

--
-- AUTO_INCREMENT for dumped tables
--

--
-- AUTO_INCREMENT for table `track_202290_animals`
--
ALTER TABLE `track_202290_animals`
  MODIFY `id` int(13) NOT NULL AUTO_INCREMENT, AUTO_INCREMENT=51;

--
-- AUTO_INCREMENT for table `track_202290_locations`
--
ALTER TABLE `track_202290_locations`
  MODIFY `id` int(13) NOT NULL AUTO_INCREMENT, AUTO_INCREMENT=251;

--
-- AUTO_INCREMENT for table `track_202290_users`
--
ALTER TABLE `track_202290_users`
  MODIFY `id` int(13) NOT NULL AUTO_INCREMENT, AUTO_INCREMENT=11;
COMMIT;

/*!40101 SET CHARACTER_SET_CLIENT=@OLD_CHARACTER_SET_CLIENT */;
/*!40101 SET CHARACTER_SET_RESULTS=@OLD_CHARACTER_SET_RESULTS */;
/*!40101 SET COLLATION_CONNECTION=@OLD_COLLATION_CONNECTION */;
